{
 "type": "FeatureCollection",
 "name": "Hiroshima Kart course",
 "features": [
  {
   "type": "Feature",
   "properties": {
    "name": "広島グランプリ コース",
    "length_m": 7474,
    "stroke": "#e63946",
    "stroke-width": 5
   },
   "geometry": {
    "type": "LineString",
    "coordinates": [
     [
      132.475191,
      34.397894
     ],
     [
      132.475188,
      34.397858
     ],
     [
      132.475185,
      34.397822
     ],
     [
      132.475182,
      34.397787
     ],
     [
      132.475179,
      34.397751
     ],
     [
      132.475176,
      34.397715
     ],
     [
      132.475174,
      34.397679
     ],
     [
      132.47517,
      34.397642
     ],
     [
      132.475167,
      34.397606
     ],
     [
      132.475164,
      34.39757
     ],
     [
      132.475161,
      34.397534
     ],
     [
      132.475157,
      34.397498
     ],
     [
      132.475153,
      34.397463
     ],
     [
      132.475149,
      34.397427
     ],
     [
      132.475143,
      34.397391
     ],
     [
      132.475138,
      34.397355
     ],
     [
      132.475132,
      34.39732
     ],
     [
      132.475126,
      34.397284
     ],
     [
      132.475119,
      34.397249
     ],
     [
      132.475113,
      34.397213
     ],
     [
      132.475105,
      34.397177
     ],
     [
      132.475099,
      34.397141
     ],
     [
      132.475091,
      34.397106
     ],
     [
      132.475083,
      34.39707
     ],
     [
      132.475076,
      34.397035
     ],
     [
      132.475067,
      34.397
     ],
     [
      132.475058,
      34.396965
     ],
     [
      132.475047,
      34.39693
     ],
     [
      132.475035,
      34.396894
     ],
     [
      132.475023,
      34.39686
     ],
     [
      132.475009,
      34.396826
     ],
     [
      132.474994,
      34.396793
     ],
     [
      132.474979,
      34.396758
     ],
     [
      132.474963,
      34.396725
     ],
     [
      132.474946,
      34.396692
     ],
     [
      132.474929,
      34.396658
     ],
     [
      132.474912,
      34.396625
     ],
     [
      132.474896,
      34.396592
     ],
     [
      132.474879,
      34.396558
     ],
     [
      132.474862,
      34.396525
     ],
     [
      132.474845,
      34.396492
     ],
     [
      132.474828,
      34.396459
     ],
     [
      132.47481,
      34.396426
     ],
     [
      132.474793,
      34.396393
     ],
     [
      132.474774,
      34.396361
     ],
     [
      132.474756,
      34.396327
     ],
     [
      132.474736,
      34.396295
     ],
     [
      132.474718,
      34.396263
     ],
     [
      132.474698,
      34.396231
     ],
     [
      132.474679,
      34.396199
     ],
     [
      132.47466,
      34.396166
     ],
     [
      132.47464,
      34.396134
     ],
     [
      132.474621,
      34.396101
     ],
     [
      132.474601,
      34.396069
     ],
     [
      132.474581,
      34.396037
     ],
     [
      132.474562,
      34.396005
     ],
     [
      132.474542,
      34.395972
     ],
     [
      132.474523,
      34.395941
     ],
     [
      132.474503,
      34.395908
     ],
     [
      132.474482,
      34.395877
     ],
     [
      132.474462,
      34.395844
     ],
     [
      132.474441,
      34.395813
     ],
     [
      132.47442,
      34.395781
     ],
     [
      132.4744,
      34.39575
     ],
     [
      132.474379,
      34.395718
     ],
     [
      132.474357,
      34.395687
     ],
     [
      132.474337,
      34.395655
     ],
     [
      132.474316,
      34.395624
     ],
     [
      132.474295,
      34.395592
     ],
     [
      132.474273,
      34.39556
     ],
     [
      132.474253,
      34.395529
     ],
     [
      132.474232,
      34.395496
     ],
     [
      132.474211,
      34.395465
     ],
     [
      132.474191,
      34.395433
     ],
     [
      132.47417,
      34.395402
     ],
     [
      132.47415,
      34.395369
     ],
     [
      132.47413,
      34.395338
     ],
     [
      132.47411,
      34.395305
     ],
     [
      132.474088,
      34.395275
     ],
     [
      132.474096,
      34.395301
     ],
     [
      132.474112,
      34.395335
     ],
     [
      132.474127,
      34.395368
     ],
     [
      132.474144,
      34.395402
     ],
     [
      132.47416,
      34.395435
     ],
     [
      132.474176,
      34.395469
     ],
     [
      132.474193,
      34.395502
     ],
     [
      132.474209,
      34.395535
     ],
     [
      132.474225,
      34.395569
     ],
     [
      132.474243,
      34.395602
     ],
     [
      132.474259,
      34.395635
     ],
     [
      132.474274,
      34.39567
     ],
     [
      132.474291,
      34.395703
     ],
     [
      132.474307,
      34.395736
     ],
     [
      132.474323,
      34.39577
     ],
     [
      132.474339,
      34.395803
     ],
     [
      132.474354,
      34.395837
     ],
     [
      132.474369,
      34.395871
     ],
     [
      132.474384,
      34.395905
     ],
     [
      132.474397,
      34.395939
     ],
     [
      132.474407,
      34.395974
     ],
     [
      132.474381,
      34.395958
     ],
     [
      132.474356,
      34.395928
     ],
     [
      132.474333,
      34.395898
     ],
     [
      132.474309,
      34.395868
     ],
     [
      132.474286,
      34.395837
     ],
     [
      132.474264,
      34.395807
     ],
     [
      132.47424,
      34.395777
     ],
     [
      132.474217,
      34.395746
     ],
     [
      132.474193,
      34.395716
     ],
     [
      132.474169,
      34.395686
     ],
     [
      132.474146,
      34.395655
     ],
     [
      132.474122,
      34.395624
     ],
     [
      132.474098,
      34.395595
     ],
     [
      132.474074,
      34.395564
     ],
     [
      132.474051,
      34.395534
     ],
     [
      132.474027,
      34.395504
     ],
     [
      132.474004,
      34.395473
     ],
     [
      132.473981,
      34.395442
     ],
     [
      132.473958,
      34.395413
     ],
     [
      132.473934,
      34.395382
     ],
     [
      132.473911,
      34.395351
     ],
     [
      132.473888,
      34.395321
     ],
     [
      132.473864,
      34.395291
     ],
     [
      132.47384,
      34.39526
     ],
     [
      132.473816,
      34.39523
     ],
     [
      132.473793,
      34.3952
     ],
     [
      132.473769,
      34.395169
     ],
     [
      132.473745,
      34.39514
     ],
     [
      132.473723,
      34.395109
     ],
     [
      132.473699,
      34.395078
     ],
     [
      132.473676,
      34.395049
     ],
     [
      132.473652,
      34.395018
     ],
     [
      132.473629,
      34.394987
     ],
     [
      132.473606,
      34.394957
     ],
     [
      132.473583,
      34.394926
     ],
     [
      132.47356,
      34.394895
     ],
     [
      132.473537,
      34.394865
     ],
     [
      132.473515,
      34.394834
     ],
     [
      132.473492,
      34.394803
     ],
     [
      132.473469,
      34.394773
     ],
     [
      132.473446,
      34.394741
     ],
     [
      132.473424,
      34.394711
     ],
     [
      132.473401,
      34.39468
     ],
     [
      132.473378,
      34.394649
     ],
     [
      132.473357,
      34.394619
     ],
     [
      132.473334,
      34.394587
     ],
     [
      132.473311,
      34.394556
     ],
     [
      132.473288,
      34.394526
     ],
     [
      132.473265,
      34.394495
     ],
     [
      132.473242,
      34.394464
     ],
     [
      132.47322,
      34.394434
     ],
     [
      132.473196,
      34.394403
     ],
     [
      132.473173,
      34.394373
     ],
     [
      132.47315,
      34.394342
     ],
     [
      132.473127,
      34.394311
     ],
     [
      132.473104,
      34.394282
     ],
     [
      132.473081,
      34.394251
     ],
     [
      132.473057,
      34.39422
     ],
     [
      132.473034,
      34.39419
     ],
     [
      132.473012,
      34.394159
     ],
     [
      132.472989,
      34.394128
     ],
     [
      132.472966,
      34.394098
     ],
     [
      132.472942,
      34.394067
     ],
     [
      132.472919,
      34.394036
     ],
     [
      132.472896,
      34.394006
     ],
     [
      132.472873,
      34.393975
     ],
     [
      132.472849,
      34.393945
     ],
     [
      132.472827,
      34.393915
     ],
     [
      132.472804,
      34.393884
     ],
     [
      132.47278,
      34.393853
     ],
     [
      132.472757,
      34.393823
     ],
     [
      132.472733,
      34.393793
     ],
     [
      132.47271,
      34.393762
     ],
     [
      132.472686,
      34.393732
     ],
     [
      132.472663,
      34.393701
     ],
     [
      132.472639,
      34.393671
     ],
     [
      132.472615,
      34.393641
     ],
     [
      132.472591,
      34.393611
     ],
     [
      132.472569,
      34.39358
     ],
     [
      132.472543,
      34.393551
     ],
     [
      132.47252,
      34.393521
     ],
     [
      132.472494,
      34.393491
     ],
     [
      132.472471,
      34.393461
     ],
     [
      132.472444,
      34.393432
     ],
     [
      132.472419,
      34.393403
     ],
     [
      132.472393,
      34.393374
     ],
     [
      132.472367,
      34.393345
     ],
     [
      132.47234,
      34.393317
     ],
     [
      132.472313,
      34.393288
     ],
     [
      132.472284,
      34.393261
     ],
     [
      132.472256,
      34.393233
     ],
     [
      132.472228,
      34.393207
     ],
     [
      132.472197,
      34.39318
     ],
     [
      132.472167,
      34.393155
     ],
     [
      132.472136,
      34.39313
     ],
     [
      132.472104,
      34.393105
     ],
     [
      132.472071,
      34.393081
     ],
     [
      132.472038,
      34.393058
     ],
     [
      132.472003,
      34.393035
     ],
     [
      132.47197,
      34.393013
     ],
     [
      132.471935,
      34.392992
     ],
     [
      132.4719,
      34.39297
     ],
     [
      132.471865,
      34.392948
     ],
     [
      132.471829,
      34.392928
     ],
     [
      132.471794,
      34.392906
     ],
     [
      132.471759,
      34.392885
     ],
     [
      132.471723,
      34.392866
     ],
     [
      132.471686,
      34.392847
     ],
     [
      132.471649,
      34.392828
     ],
     [
      132.471609,
      34.392811
     ],
     [
      132.471569,
      34.392797
     ],
     [
      132.471529,
      34.392785
     ],
     [
      132.471486,
      34.392776
     ],
     [
      132.471443,
      34.392771
     ],
     [
      132.4714,
      34.392767
     ],
     [
      132.471357,
      34.392766
     ],
     [
      132.471313,
      34.392766
     ],
     [
      132.47127,
      34.392766
     ],
     [
      132.471226,
      34.392769
     ],
     [
      132.471183,
      34.392774
     ],
     [
      132.471139,
      34.392779
     ],
     [
      132.471097,
      34.392784
     ],
     [
      132.471054,
      34.392791
     ],
     [
      132.471011,
      34.392797
     ],
     [
      132.470968,
      34.392803
     ],
     [
      132.470925,
      34.392809
     ],
     [
      132.470882,
      34.392814
     ],
     [
      132.470839,
      34.392818
     ],
     [
      132.470795,
      34.392821
     ],
     [
      132.470752,
      34.392825
     ],
     [
      132.470709,
      34.392829
     ],
     [
      132.470666,
      34.392832
     ],
     [
      132.470622,
      34.392836
     ],
     [
      132.470578,
      34.392839
     ],
     [
      132.470535,
      34.392843
     ],
     [
      132.470492,
      34.392847
     ],
     [
      132.470449,
      34.392851
     ],
     [
      132.470405,
      34.392855
     ],
     [
      132.470362,
      34.392858
     ],
     [
      132.470318,
      34.392861
     ],
     [
      132.470275,
      34.392864
     ],
     [
      132.470232,
      34.392866
     ],
     [
      132.470189,
      34.392867
     ],
     [
      132.470145,
      34.392869
     ],
     [
      132.470102,
      34.392871
     ],
     [
      132.470058,
      34.392873
     ],
     [
      132.470014,
      34.392875
     ],
     [
      132.469971,
      34.392878
     ],
     [
      132.469927,
      34.392882
     ],
     [
      132.469884,
      34.392885
     ],
     [
      132.469841,
      34.392891
     ],
     [
      132.469798,
      34.392895
     ],
     [
      132.469755,
      34.392902
     ],
     [
      132.469712,
      34.392907
     ],
     [
      132.469669,
      34.392913
     ],
     [
      132.469626,
      34.39292
     ],
     [
      132.469583,
      34.392926
     ],
     [
      132.469541,
      34.392932
     ],
     [
      132.469497,
      34.392939
     ],
     [
      132.469455,
      34.392945
     ],
     [
      132.469411,
      34.392951
     ],
     [
      132.469369,
      34.392957
     ],
     [
      132.469326,
      34.392963
     ],
     [
      132.469283,
      34.392969
     ],
     [
      132.46924,
      34.392976
     ],
     [
      132.469198,
      34.392984
     ],
     [
      132.469156,
      34.392991
     ],
     [
      132.469113,
      34.392999
     ],
     [
      132.469071,
      34.393007
     ],
     [
      132.469028,
      34.393015
     ],
     [
      132.468986,
      34.393022
     ],
     [
      132.468942,
      34.393031
     ],
     [
      132.4689,
      34.393037
     ],
     [
      132.468857,
      34.393044
     ],
     [
      132.468814,
      34.393049
     ],
     [
      132.468771,
      34.393055
     ],
     [
      132.468728,
      34.39306
     ],
     [
      132.468685,
      34.393066
     ],
     [
      132.468642,
      34.393071
     ],
     [
      132.468599,
      34.393076
     ],
     [
      132.468556,
      34.393081
     ],
     [
      132.468512,
      34.393085
     ],
     [
      132.46847,
      34.393091
     ],
     [
      132.468426,
      34.393095
     ],
     [
      132.468383,
      34.3931
     ],
     [
      132.46834,
      34.393104
     ],
     [
      132.468297,
      34.393109
     ],
     [
      132.468253,
      34.393113
     ],
     [
      132.468209,
      34.393117
     ],
     [
      132.468167,
      34.393121
     ],
     [
      132.468123,
      34.393124
     ],
     [
      132.46808,
      34.393127
     ],
     [
      132.468036,
      34.393131
     ],
     [
      132.467993,
      34.393133
     ],
     [
      132.467949,
      34.393137
     ],
     [
      132.467907,
      34.39314
     ],
     [
      132.467863,
      34.393142
     ],
     [
      132.46782,
      34.393146
     ],
     [
      132.467776,
      34.393149
     ],
     [
      132.467733,
      34.393151
     ],
     [
      132.467689,
      34.393155
     ],
     [
      132.467646,
      34.393158
     ],
     [
      132.467603,
      34.39316
     ],
     [
      132.46756,
      34.393164
     ],
     [
      132.467516,
      34.393167
     ],
     [
      132.467472,
      34.393169
     ],
     [
      132.467429,
      34.393173
     ],
     [
      132.467385,
      34.393176
     ],
     [
      132.467342,
      34.393178
     ],
     [
      132.467299,
      34.393182
     ],
     [
      132.467256,
      34.393186
     ],
     [
      132.467212,
      34.393189
     ],
     [
      132.467169,
      34.393193
     ],
     [
      132.467125,
      34.393196
     ],
     [
      132.467083,
      34.393201
     ],
     [
      132.467039,
      34.393205
     ],
     [
      132.466996,
      34.39321
     ],
     [
      132.466953,
      34.393214
     ],
     [
      132.46691,
      34.393219
     ],
     [
      132.466866,
      34.393224
     ],
     [
      132.466824,
      34.39323
     ],
     [
      132.46678,
      34.393235
     ],
     [
      132.466738,
      34.393241
     ],
     [
      132.466694,
      34.393246
     ],
     [
      132.466652,
      34.393252
     ],
     [
      132.466608,
      34.393259
     ],
     [
      132.466566,
      34.393265
     ],
     [
      132.466523,
      34.393271
     ],
     [
      132.46648,
      34.393277
     ],
     [
      132.466437,
      34.393285
     ],
     [
      132.466395,
      34.393291
     ],
     [
      132.466352,
      34.393298
     ],
     [
      132.466309,
      34.393305
     ],
     [
      132.466266,
      34.393313
     ],
     [
      132.466224,
      34.39332
     ],
     [
      132.466181,
      34.393327
     ],
     [
      132.466139,
      34.393334
     ],
     [
      132.466096,
      34.393342
     ],
     [
      132.466054,
      34.39335
     ],
     [
      132.46601,
      34.393358
     ],
     [
      132.465968,
      34.393366
     ],
     [
      132.465925,
      34.393374
     ],
     [
      132.465883,
      34.393382
     ],
     [
      132.46584,
      34.39339
     ],
     [
      132.465798,
      34.393397
     ],
     [
      132.465756,
      34.393405
     ],
     [
      132.465713,
      34.393413
     ],
     [
      132.465671,
      34.39342
     ],
     [
      132.465628,
      34.393428
     ],
     [
      132.465586,
      34.393435
     ],
     [
      132.465543,
      34.393442
     ],
     [
      132.4655,
      34.39345
     ],
     [
      132.465457,
      34.393457
     ],
     [
      132.465415,
      34.393464
     ],
     [
      132.465372,
      34.393471
     ],
     [
      132.46533,
      34.393478
     ],
     [
      132.465287,
      34.393487
     ],
     [
      132.465244,
      34.393494
     ],
     [
      132.465201,
      34.393502
     ],
     [
      132.465159,
      34.393509
     ],
     [
      132.465117,
      34.393517
     ],
     [
      132.465074,
      34.393524
     ],
     [
      132.465032,
      34.393532
     ],
     [
      132.464989,
      34.393539
     ],
     [
      132.464947,
      34.393546
     ],
     [
      132.464903,
      34.393553
     ],
     [
      132.464861,
      34.39356
     ],
     [
      132.464818,
      34.393567
     ],
     [
      132.464776,
      34.393574
     ],
     [
      132.464732,
      34.393581
     ],
     [
      132.46469,
      34.393588
     ],
     [
      132.464647,
      34.393595
     ],
     [
      132.464605,
      34.393602
     ],
     [
      132.464561,
      34.393609
     ],
     [
      132.464519,
      34.393616
     ],
     [
      132.464476,
      34.393624
     ],
     [
      132.464434,
      34.393632
     ],
     [
      132.464391,
      34.393639
     ],
     [
      132.464349,
      34.393647
     ],
     [
      132.464307,
      34.393654
     ],
     [
      132.464264,
      34.393661
     ],
     [
      132.464221,
      34.393669
     ],
     [
      132.464178,
      34.393677
     ],
     [
      132.464136,
      34.393684
     ],
     [
      132.464093,
      34.393691
     ],
     [
      132.464051,
      34.393699
     ],
     [
      132.464008,
      34.393706
     ],
     [
      132.463966,
      34.393715
     ],
     [
      132.463923,
      34.393722
     ],
     [
      132.46388,
      34.393729
     ],
     [
      132.463837,
      34.393737
     ],
     [
      132.463795,
      34.393744
     ],
     [
      132.463752,
      34.393752
     ],
     [
      132.46371,
      34.39376
     ],
     [
      132.463667,
      34.393767
     ],
     [
      132.463625,
      34.393774
     ],
     [
      132.463583,
      34.393782
     ],
     [
      132.463539,
      34.393789
     ],
     [
      132.463497,
      34.393798
     ],
     [
      132.463454,
      34.393805
     ],
     [
      132.463412,
      34.393813
     ],
     [
      132.463369,
      34.393821
     ],
     [
      132.463327,
      34.393829
     ],
     [
      132.463284,
      34.393838
     ],
     [
      132.463243,
      34.393846
     ],
     [
      132.4632,
      34.393854
     ],
     [
      132.463158,
      34.393863
     ],
     [
      132.463116,
      34.393871
     ],
     [
      132.463073,
      34.39388
     ],
     [
      132.463031,
      34.393888
     ],
     [
      132.462988,
      34.393896
     ],
     [
      132.462946,
      34.393904
     ],
     [
      132.462903,
      34.393912
     ],
     [
      132.462861,
      34.39392
     ],
     [
      132.462818,
      34.393928
     ],
     [
      132.462776,
      34.393937
     ],
     [
      132.462734,
      34.393946
     ],
     [
      132.462692,
      34.393954
     ],
     [
      132.46265,
      34.393963
     ],
     [
      132.462607,
      34.393973
     ],
     [
      132.462566,
      34.393982
     ],
     [
      132.462523,
      34.393991
     ],
     [
      132.462481,
      34.394
     ],
     [
      132.462439,
      34.394009
     ],
     [
      132.462397,
      34.394018
     ],
     [
      132.462355,
      34.394027
     ],
     [
      132.462312,
      34.394035
     ],
     [
      132.46227,
      34.394044
     ],
     [
      132.462228,
      34.394053
     ],
     [
      132.462186,
      34.394063
     ],
     [
      132.462143,
      34.394072
     ],
     [
      132.462101,
      34.394081
     ],
     [
      132.46206,
      34.39409
     ],
     [
      132.462017,
      34.394099
     ],
     [
      132.461975,
      34.394108
     ],
     [
      132.461933,
      34.394117
     ],
     [
      132.461891,
      34.394126
     ],
     [
      132.461848,
      34.394136
     ],
     [
      132.461807,
      34.394145
     ],
     [
      132.461764,
      34.394154
     ],
     [
      132.461723,
      34.394164
     ],
     [
      132.461681,
      34.394174
     ],
     [
      132.461639,
      34.394184
     ],
     [
      132.461597,
      34.394194
     ],
     [
      132.461555,
      34.394204
     ],
     [
      132.461513,
      34.394214
     ],
     [
      132.461472,
      34.394224
     ],
     [
      132.46143,
      34.394235
     ],
     [
      132.461388,
      34.394245
     ],
     [
      132.461346,
      34.394254
     ],
     [
      132.461305,
      34.394265
     ],
     [
      132.461263,
      34.394275
     ],
     [
      132.461221,
      34.394285
     ],
     [
      132.461179,
      34.394296
     ],
     [
      132.461137,
      34.394306
     ],
     [
      132.461096,
      34.394316
     ],
     [
      132.461054,
      34.394326
     ],
     [
      132.461012,
      34.394335
     ],
     [
      132.46097,
      34.394345
     ],
     [
      132.460928,
      34.394355
     ],
     [
      132.460886,
      34.394365
     ],
     [
      132.460845,
      34.394375
     ],
     [
      132.460803,
      34.394386
     ],
     [
      132.460761,
      34.394397
     ],
     [
      132.460719,
      34.394407
     ],
     [
      132.460678,
      34.394418
     ],
     [
      132.460637,
      34.394428
     ],
     [
      132.460594,
      34.394438
     ],
     [
      132.460553,
      34.394448
     ],
     [
      132.46051,
      34.394457
     ],
     [
      132.460469,
      34.394467
     ],
     [
      132.460426,
      34.394476
     ],
     [
      132.460384,
      34.394485
     ],
     [
      132.460343,
      34.394495
     ],
     [
      132.4603,
      34.394505
     ],
     [
      132.460259,
      34.394515
     ],
     [
      132.460217,
      34.394525
     ],
     [
      132.460175,
      34.394536
     ],
     [
      132.460134,
      34.394546
     ],
     [
      132.460092,
      34.394556
     ],
     [
      132.46005,
      34.394566
     ],
     [
      132.460008,
      34.394576
     ],
     [
      132.459967,
      34.394587
     ],
     [
      132.459925,
      34.394598
     ],
     [
      132.459883,
      34.39461
     ],
     [
      132.459843,
      34.39462
     ],
     [
      132.459802,
      34.394632
     ],
     [
      132.45976,
      34.394645
     ],
     [
      132.459719,
      34.394656
     ],
     [
      132.459679,
      34.394668
     ],
     [
      132.459637,
      34.39468
     ],
     [
      132.459596,
      34.394692
     ],
     [
      132.459554,
      34.394702
     ],
     [
      132.459512,
      34.394713
     ],
     [
      132.459471,
      34.394723
     ],
     [
      132.459428,
      34.394732
     ],
     [
      132.459387,
      34.394741
     ],
     [
      132.459344,
      34.39475
     ],
     [
      132.459302,
      34.394758
     ],
     [
      132.459259,
      34.394767
     ],
     [
      132.459217,
      34.394776
     ],
     [
      132.459176,
      34.394785
     ],
     [
      132.459133,
      34.394796
     ],
     [
      132.459092,
      34.394808
     ],
     [
      132.459051,
      34.39482
     ],
     [
      132.45901,
      34.394831
     ],
     [
      132.458969,
      34.394844
     ],
     [
      132.458928,
      34.394856
     ],
     [
      132.458887,
      34.394867
     ],
     [
      132.458846,
      34.394878
     ],
     [
      132.458804,
      34.394889
     ],
     [
      132.458762,
      34.3949
     ],
     [
      132.458721,
      34.394911
     ],
     [
      132.458679,
      34.394921
     ],
     [
      132.458637,
      34.39493
     ],
     [
      132.458595,
      34.39494
     ],
     [
      132.458554,
      34.394951
     ],
     [
      132.458512,
      34.394961
     ],
     [
      132.45847,
      34.394971
     ],
     [
      132.458428,
      34.394982
     ],
     [
      132.458386,
      34.394993
     ],
     [
      132.458345,
      34.395003
     ],
     [
      132.458305,
      34.395016
     ],
     [
      132.458264,
      34.39503
     ],
     [
      132.458224,
      34.395043
     ],
     [
      132.458184,
      34.395058
     ],
     [
      132.458145,
      34.395074
     ],
     [
      132.458107,
      34.39509
     ],
     [
      132.458067,
      34.395107
     ],
     [
      132.458029,
      34.395124
     ],
     [
      132.457991,
      34.395141
     ],
     [
      132.457952,
      34.395158
     ],
     [
      132.457914,
      34.395175
     ],
     [
      132.457875,
      34.395191
     ],
     [
      132.457835,
      34.395206
     ],
     [
      132.457795,
      34.395221
     ],
     [
      132.457755,
      34.395234
     ],
     [
      132.457715,
      34.395248
     ],
     [
      132.457674,
      34.39526
     ],
     [
      132.457633,
      34.395273
     ],
     [
      132.457592,
      34.395285
     ],
     [
      132.457551,
      34.395297
     ],
     [
      132.45751,
      34.395309
     ],
     [
      132.45747,
      34.395322
     ],
     [
      132.457428,
      34.395335
     ],
     [
      132.457388,
      34.395348
     ],
     [
      132.457348,
      34.395361
     ],
     [
      132.457307,
      34.395375
     ],
     [
      132.457266,
      34.395387
     ],
     [
      132.457226,
      34.3954
     ],
     [
      132.457186,
      34.395413
     ],
     [
      132.457144,
      34.395424
     ],
     [
      132.457103,
      34.395436
     ],
     [
      132.457061,
      34.395447
     ],
     [
      132.457019,
      34.395458
     ],
     [
      132.456978,
      34.395467
     ],
     [
      132.456935,
      34.395476
     ],
     [
      132.456893,
      34.395483
     ],
     [
      132.45685,
      34.39549
     ],
     [
      132.456807,
      34.395496
     ],
     [
      132.456763,
      34.3955
     ],
     [
      132.456721,
      34.395504
     ],
     [
      132.456677,
      34.395506
     ],
     [
      132.456634,
      34.39551
     ],
     [
      132.45659,
      34.395513
     ],
     [
      132.456546,
      34.395515
     ],
     [
      132.456503,
      34.395517
     ],
     [
      132.456459,
      34.39552
     ],
     [
      132.456416,
      34.395523
     ],
     [
      132.456373,
      34.395525
     ],
     [
      132.45633,
      34.395528
     ],
     [
      132.456286,
      34.395532
     ],
     [
      132.456243,
      34.395536
     ],
     [
      132.456199,
      34.395541
     ],
     [
      132.456157,
      34.395546
     ],
     [
      132.456113,
      34.395551
     ],
     [
      132.456071,
      34.395558
     ],
     [
      132.456028,
      34.395564
     ],
     [
      132.455985,
      34.39557
     ],
     [
      132.455942,
      34.395578
     ],
     [
      132.4559,
      34.395586
     ],
     [
      132.455857,
      34.395594
     ],
     [
      132.455815,
      34.395603
     ],
     [
      132.455773,
      34.395613
     ],
     [
      132.455732,
      34.395623
     ],
     [
      132.45569,
      34.395633
     ],
     [
      132.455648,
      34.395644
     ],
     [
      132.455607,
      34.395655
     ],
     [
      132.455566,
      34.395665
     ],
     [
      132.455523,
      34.395676
     ],
     [
      132.455482,
      34.395686
     ],
     [
      132.455439,
      34.395696
     ],
     [
      132.455398,
      34.395706
     ],
     [
      132.455355,
      34.395716
     ],
     [
      132.455314,
      34.395725
     ],
     [
      132.455272,
      34.395734
     ],
     [
      132.45523,
      34.395744
     ],
     [
      132.455188,
      34.395753
     ],
     [
      132.455146,
      34.395762
     ],
     [
      132.455104,
      34.395771
     ],
     [
      132.455061,
      34.395781
     ],
     [
      132.45502,
      34.395791
     ],
     [
      132.454978,
      34.395801
     ],
     [
      132.454936,
      34.395812
     ],
     [
      132.454895,
      34.395822
     ],
     [
      132.454854,
      34.395833
     ],
     [
      132.454811,
      34.395843
     ],
     [
      132.45477,
      34.395853
     ],
     [
      132.454727,
      34.395862
     ],
     [
      132.454685,
      34.395871
     ],
     [
      132.454642,
      34.39588
     ],
     [
      132.454601,
      34.395889
     ],
     [
      132.454559,
      34.395898
     ],
     [
      132.454517,
      34.395908
     ],
     [
      132.454476,
      34.395919
     ],
     [
      132.454434,
      34.395931
     ],
     [
      132.454393,
      34.395942
     ],
     [
      132.454352,
      34.395953
     ],
     [
      132.454309,
      34.395963
     ],
     [
      132.454268,
      34.395973
     ],
     [
      132.454225,
      34.395982
     ],
     [
      132.454183,
      34.395991
     ],
     [
      132.454142,
      34.396
     ],
     [
      132.454099,
      34.396009
     ],
     [
      132.454057,
      34.396018
     ],
     [
      132.454014,
      34.396026
     ],
     [
      132.453973,
      34.396036
     ],
     [
      132.45393,
      34.396045
     ],
     [
      132.453888,
      34.396054
     ],
     [
      132.453847,
      34.396064
     ],
     [
      132.453804,
      34.396074
     ],
     [
      132.453763,
      34.396084
     ],
     [
      132.45372,
      34.396094
     ],
     [
      132.453679,
      34.396104
     ],
     [
      132.453636,
      34.396114
     ],
     [
      132.453595,
      34.396123
     ],
     [
      132.453553,
      34.396133
     ],
     [
      132.453511,
      34.396143
     ],
     [
      132.453469,
      34.396153
     ],
     [
      132.453427,
      34.396163
     ],
     [
      132.453386,
      34.396172
     ],
     [
      132.453344,
      34.396182
     ],
     [
      132.453302,
      34.396192
     ],
     [
      132.45326,
      34.396202
     ],
     [
      132.453217,
      34.396211
     ],
     [
      132.453176,
      34.396221
     ],
     [
      132.453133,
      34.39623
     ],
     [
      132.453092,
      34.396239
     ],
     [
      132.45305,
      34.396248
     ],
     [
      132.453007,
      34.396258
     ],
     [
      132.452966,
      34.396267
     ],
     [
      132.452923,
      34.396276
     ],
     [
      132.452881,
      34.396285
     ],
     [
      132.452838,
      34.396294
     ],
     [
      132.452797,
      34.396303
     ],
     [
      132.452755,
      34.396311
     ],
     [
      132.452712,
      34.396319
     ],
     [
      132.45267,
      34.396327
     ],
     [
      132.452627,
      34.396336
     ],
     [
      132.452585,
      34.396345
     ],
     [
      132.452542,
      34.396354
     ],
     [
      132.452501,
      34.396364
     ],
     [
      132.45246,
      34.396375
     ],
     [
      132.452418,
      34.396386
     ],
     [
      132.452377,
      34.396398
     ],
     [
      132.452335,
      34.39641
     ],
     [
      132.452294,
      34.39642
     ],
     [
      132.452253,
      34.396431
     ],
     [
      132.45221,
      34.396441
     ],
     [
      132.452169,
      34.396451
     ],
     [
      132.452126,
      34.39646
     ],
     [
      132.452085,
      34.39647
     ],
     [
      132.452043,
      34.396478
     ],
     [
      132.452,
      34.396486
     ],
     [
      132.451958,
      34.396493
     ],
     [
      132.451914,
      34.3965
     ],
     [
      132.451872,
      34.396505
     ],
     [
      132.451828,
      34.39651
     ],
     [
      132.451785,
      34.396515
     ],
     [
      132.451742,
      34.396521
     ],
     [
      132.4517,
      34.396528
     ],
     [
      132.451657,
      34.396537
     ],
     [
      132.451616,
      34.396548
     ],
     [
      132.451574,
      34.39656
     ],
     [
      132.451534,
      34.396573
     ],
     [
      132.451493,
      34.396586
     ],
     [
      132.451453,
      34.396599
     ],
     [
      132.451411,
      34.396611
     ],
     [
      132.45137,
      34.396621
     ],
     [
      132.451328,
      34.396631
     ],
     [
      132.451286,
      34.396639
     ],
     [
      132.451242,
      34.396647
     ],
     [
      132.4512,
      34.396653
     ],
     [
      132.451157,
      34.396659
     ],
     [
      132.451114,
      34.396665
     ],
     [
      132.451071,
      34.39667
     ],
     [
      132.451028,
      34.396675
     ],
     [
      132.450985,
      34.396682
     ],
     [
      132.450942,
      34.396687
     ],
     [
      132.450899,
      34.396693
     ],
     [
      132.450856,
      34.3967
     ],
     [
      132.450813,
      34.396707
     ],
     [
      132.450771,
      34.396713
     ],
     [
      132.450729,
      34.39672
     ],
     [
      132.450685,
      34.396728
     ],
     [
      132.450643,
      34.396734
     ],
     [
      132.4506,
      34.396741
     ],
     [
      132.450557,
      34.396747
     ],
     [
      132.450514,
      34.396754
     ],
     [
      132.450472,
      34.396759
     ],
     [
      132.450428,
      34.396765
     ],
     [
      132.450385,
      34.39677
     ],
     [
      132.450342,
      34.396775
     ],
     [
      132.450299,
      34.39678
     ],
     [
      132.450256,
      34.396784
     ],
     [
      132.450213,
      34.396791
     ],
     [
      132.45017,
      34.396797
     ],
     [
      132.450128,
      34.396804
     ],
     [
      132.450085,
      34.396812
     ],
     [
      132.450043,
      34.396821
     ],
     [
      132.45,
      34.39683
     ],
     [
      132.449958,
      34.396839
     ],
     [
      132.449915,
      34.396847
     ],
     [
      132.449873,
      34.396855
     ],
     [
      132.44983,
      34.396863
     ],
     [
      132.449788,
      34.39687
     ],
     [
      132.449745,
      34.396877
     ],
     [
      132.449703,
      34.396884
     ],
     [
      132.449659,
      34.396892
     ],
     [
      132.449617,
      34.396898
     ],
     [
      132.449575,
      34.396905
     ],
     [
      132.449531,
      34.396912
     ],
     [
      132.449489,
      34.396919
     ],
     [
      132.449446,
      34.396925
     ],
     [
      132.449404,
      34.396933
     ],
     [
      132.449361,
      34.396941
     ],
     [
      132.449319,
      34.396949
     ],
     [
      132.449276,
      34.396959
     ],
     [
      132.449235,
      34.396968
     ],
     [
      132.449192,
      34.396978
     ],
     [
      132.449151,
      34.396988
     ],
     [
      132.449109,
      34.396999
     ],
     [
      132.449067,
      34.397009
     ],
     [
      132.449026,
      34.39702
     ],
     [
      132.448984,
      34.397031
     ],
     [
      132.448943,
      34.397041
     ],
     [
      132.448901,
      34.397052
     ],
     [
      132.448859,
      34.397063
     ],
     [
      132.448818,
      34.397075
     ],
     [
      132.448777,
      34.397085
     ],
     [
      132.448736,
      34.397097
     ],
     [
      132.448695,
      34.397109
     ],
     [
      132.448654,
      34.397122
     ],
     [
      132.448613,
      34.397133
     ],
     [
      132.448572,
      34.397146
     ],
     [
      132.448531,
      34.397158
     ],
     [
      132.44849,
      34.397171
     ],
     [
      132.44845,
      34.397185
     ],
     [
      132.44841,
      34.397198
     ],
     [
      132.448369,
      34.397212
     ],
     [
      132.448329,
      34.397225
     ],
     [
      132.448289,
      34.397241
     ],
     [
      132.44825,
      34.397255
     ],
     [
      132.44821,
      34.39727
     ],
     [
      132.448171,
      34.397286
     ],
     [
      132.448132,
      34.397302
     ],
     [
      132.448093,
      34.397318
     ],
     [
      132.448054,
      34.397333
     ],
     [
      132.448014,
      34.397349
     ],
     [
      132.447974,
      34.397363
     ],
     [
      132.447934,
      34.397377
     ],
     [
      132.447893,
      34.397388
     ],
     [
      132.447851,
      34.397399
     ],
     [
      132.447809,
      34.397409
     ],
     [
      132.447766,
      34.397417
     ],
     [
      132.447724,
      34.397425
     ],
     [
      132.447682,
      34.397434
     ],
     [
      132.44764,
      34.397443
     ],
     [
      132.447599,
      34.397455
     ],
     [
      132.447558,
      34.397469
     ],
     [
      132.44752,
      34.397487
     ],
     [
      132.447484,
      34.397506
     ],
     [
      132.447451,
      34.397529
     ],
     [
      132.44742,
      34.397555
     ],
     [
      132.447393,
      34.397583
     ],
     [
      132.44737,
      34.397614
     ],
     [
      132.447351,
      34.397646
     ],
     [
      132.447338,
      34.39768
     ],
     [
      132.447329,
      34.397716
     ],
     [
      132.447324,
      34.397752
     ],
     [
      132.447322,
      34.397788
     ],
     [
      132.447324,
      34.397824
     ],
     [
      132.447328,
      34.39786
     ],
     [
      132.447333,
      34.397896
     ],
     [
      132.447341,
      34.397931
     ],
     [
      132.447349,
      34.397966
     ],
     [
      132.447359,
      34.398001
     ],
     [
      132.44737,
      34.398036
     ],
     [
      132.447381,
      34.398072
     ],
     [
      132.447392,
      34.398106
     ],
     [
      132.447402,
      34.398141
     ],
     [
      132.447411,
      34.398176
     ],
     [
      132.44742,
      34.398212
     ],
     [
      132.447428,
      34.398247
     ],
     [
      132.447435,
      34.398282
     ],
     [
      132.447442,
      34.398318
     ],
     [
      132.447448,
      34.398354
     ],
     [
      132.447455,
      34.39839
     ],
     [
      132.447461,
      34.398425
     ],
     [
      132.447469,
      34.398461
     ],
     [
      132.447477,
      34.398496
     ],
     [
      132.447484,
      34.398532
     ],
     [
      132.447492,
      34.398567
     ],
     [
      132.447501,
      34.398602
     ],
     [
      132.447509,
      34.398638
     ],
     [
      132.447518,
      34.398674
     ],
     [
      132.447527,
      34.398709
     ],
     [
      132.447537,
      34.398744
     ],
     [
      132.447545,
      34.398779
     ],
     [
      132.447555,
      34.398814
     ],
     [
      132.447565,
      34.398849
     ],
     [
      132.447575,
      34.398884
     ],
     [
      132.447584,
      34.39892
     ],
     [
      132.447593,
      34.398955
     ],
     [
      132.447603,
      34.39899
     ],
     [
      132.447613,
      34.399025
     ],
     [
      132.447623,
      34.39906
     ],
     [
      132.447631,
      34.399095
     ],
     [
      132.447641,
      34.399131
     ],
     [
      132.44765,
      34.399166
     ],
     [
      132.447658,
      34.399201
     ],
     [
      132.447668,
      34.399237
     ],
     [
      132.447678,
      34.399272
     ],
     [
      132.447687,
      34.399307
     ],
     [
      132.447696,
      34.399342
     ],
     [
      132.447704,
      34.399378
     ],
     [
      132.447712,
      34.399413
     ],
     [
      132.447719,
      34.399449
     ],
     [
      132.447725,
      34.399485
     ],
     [
      132.447729,
      34.39952
     ],
     [
      132.447731,
      34.399556
     ],
     [
      132.447734,
      34.399592
     ],
     [
      132.447735,
      34.399628
     ],
     [
      132.447737,
      34.399664
     ],
     [
      132.447739,
      34.3997
     ],
     [
      132.447742,
      34.399736
     ],
     [
      132.447748,
      34.399772
     ],
     [
      132.447755,
      34.399807
     ],
     [
      132.447764,
      34.399843
     ],
     [
      132.447773,
      34.399878
     ],
     [
      132.447784,
      34.399913
     ],
     [
      132.447796,
      34.399948
     ],
     [
      132.447807,
      34.399982
     ],
     [
      132.447819,
      34.400017
     ],
     [
      132.44783,
      34.400052
     ],
     [
      132.447842,
      34.400087
     ],
     [
      132.447854,
      34.400121
     ],
     [
      132.447865,
      34.400156
     ],
     [
      132.447877,
      34.40019
     ],
     [
      132.447889,
      34.400226
     ],
     [
      132.447901,
      34.40026
     ],
     [
      132.447913,
      34.400295
     ],
     [
      132.447925,
      34.400329
     ],
     [
      132.447938,
      34.400364
     ],
     [
      132.447951,
      34.400399
     ],
     [
      132.447965,
      34.400432
     ],
     [
      132.447981,
      34.400466
     ],
     [
      132.447998,
      34.4005
     ],
     [
      132.448016,
      34.400532
     ],
     [
      132.448035,
      34.400565
     ],
     [
      132.448056,
      34.400596
     ],
     [
      132.448078,
      34.400628
     ],
     [
      132.448099,
      34.400659
     ],
     [
      132.44812,
      34.40069
     ],
     [
      132.448142,
      34.400721
     ],
     [
      132.448163,
      34.400753
     ],
     [
      132.448183,
      34.400785
     ],
     [
      132.448205,
      34.400817
     ],
     [
      132.448227,
      34.400848
     ],
     [
      132.44825,
      34.400878
     ],
     [
      132.448276,
      34.400907
     ],
     [
      132.448305,
      34.400933
     ],
     [
      132.448338,
      34.400958
     ],
     [
      132.448375,
      34.400976
     ],
     [
      132.448414,
      34.400992
     ],
     [
      132.448455,
      34.401003
     ],
     [
      132.448499,
      34.401009
     ],
     [
      132.448542,
      34.401012
     ],
     [
      132.448586,
      34.401012
     ],
     [
      132.448628,
      34.401009
     ],
     [
      132.448672,
      34.401003
     ],
     [
      132.448715,
      34.400997
     ],
     [
      132.448757,
      34.40099
     ],
     [
      132.448799,
      34.400981
     ],
     [
      132.448842,
      34.400972
     ],
     [
      132.448883,
      34.400962
     ],
     [
      132.448926,
      34.400952
     ],
     [
      132.448968,
      34.400943
     ],
     [
      132.449011,
      34.400935
     ],
     [
      132.449053,
      34.400927
     ],
     [
      132.449096,
      34.400919
     ],
     [
      132.449138,
      34.400912
     ],
     [
      132.44918,
      34.400904
     ],
     [
      132.449223,
      34.400897
     ],
     [
      132.449265,
      34.40089
     ],
     [
      132.449308,
      34.400883
     ],
     [
      132.449351,
      34.400875
     ],
     [
      132.449394,
      34.400867
     ],
     [
      132.449436,
      34.400859
     ],
     [
      132.449479,
      34.400851
     ],
     [
      132.449521,
      34.400843
     ],
     [
      132.449564,
      34.400835
     ],
     [
      132.449606,
      34.400827
     ],
     [
      132.449648,
      34.400819
     ],
     [
      132.44969,
      34.400811
     ],
     [
      132.449732,
      34.400802
     ],
     [
      132.449776,
      34.400794
     ],
     [
      132.449818,
      34.400787
     ],
     [
      132.449861,
      34.400781
     ],
     [
      132.449903,
      34.400774
     ],
     [
      132.449947,
      34.400767
     ],
     [
      132.449989,
      34.40076
     ],
     [
      132.450032,
      34.400752
     ],
     [
      132.450074,
      34.400744
     ],
     [
      132.450117,
      34.400735
     ],
     [
      132.450158,
      34.400726
     ],
     [
      132.450201,
      34.400717
     ],
     [
      132.450243,
      34.400708
     ],
     [
      132.450284,
      34.400699
     ],
     [
      132.450327,
      34.400691
     ],
     [
      132.450369,
      34.400682
     ],
     [
      132.450412,
      34.400674
     ],
     [
      132.450454,
      34.400665
     ],
     [
      132.450497,
      34.400656
     ],
     [
      132.450538,
      34.400647
     ],
     [
      132.45058,
      34.400637
     ],
     [
      132.450622,
      34.400627
     ],
     [
      132.450664,
      34.400618
     ],
     [
      132.450707,
      34.40061
     ],
     [
      132.450749,
      34.400603
     ],
     [
      132.450793,
      34.400601
     ],
     [
      132.450836,
      34.400601
     ],
     [
      132.45088,
      34.400605
     ],
     [
      132.450922,
      34.400612
     ],
     [
      132.450965,
      34.40062
     ],
     [
      132.451007,
      34.40063
     ],
     [
      132.451049,
      34.400638
     ],
     [
      132.451092,
      34.400646
     ],
     [
      132.451135,
      34.400651
     ],
     [
      132.451178,
      34.400655
     ],
     [
      132.451222,
      34.400656
     ],
     [
      132.451265,
      34.400657
     ],
     [
      132.451309,
      34.400658
     ],
     [
      132.451352,
      34.400657
     ],
     [
      132.451396,
      34.400657
     ],
     [
      132.451439,
      34.400656
     ],
     [
      132.451483,
      34.400655
     ],
     [
      132.451527,
      34.400653
     ],
     [
      132.45157,
      34.40065
     ],
     [
      132.451614,
      34.400648
     ],
     [
      132.451657,
      34.400647
     ],
     [
      132.451701,
      34.400644
     ],
     [
      132.451743,
      34.400642
     ],
     [
      132.451787,
      34.400641
     ],
     [
      132.45183,
      34.400639
     ],
     [
      132.451874,
      34.400638
     ],
     [
      132.451917,
      34.400636
     ],
     [
      132.451961,
      34.400634
     ],
     [
      132.452004,
      34.400631
     ],
     [
      132.452048,
      34.400629
     ],
     [
      132.452092,
      34.400627
     ],
     [
      132.452135,
      34.400625
     ],
     [
      132.452179,
      34.400623
     ],
     [
      132.452222,
      34.400621
     ],
     [
      132.452266,
      34.400619
     ],
     [
      132.452309,
      34.400617
     ],
     [
      132.452353,
      34.400615
     ],
     [
      132.452396,
      34.400612
     ],
     [
      132.452439,
      34.40061
     ],
     [
      132.452482,
      34.400608
     ],
     [
      132.452526,
      34.400605
     ],
     [
      132.45257,
      34.400602
     ],
     [
      132.452613,
      34.400601
     ],
     [
      132.452657,
      34.400598
     ],
     [
      132.4527,
      34.400595
     ],
     [
      132.452744,
      34.400593
     ],
     [
      132.452787,
      34.400591
     ],
     [
      132.452831,
      34.400589
     ],
     [
      132.452874,
      34.400587
     ],
     [
      132.452918,
      34.400585
     ],
     [
      132.452961,
      34.400583
     ],
     [
      132.453005,
      34.400582
     ],
     [
      132.453047,
      34.40058
     ],
     [
      132.453091,
      34.400577
     ],
     [
      132.453135,
      34.400575
     ],
     [
      132.453178,
      34.400573
     ],
     [
      132.453222,
      34.400571
     ],
     [
      132.453265,
      34.400568
     ],
     [
      132.453309,
      34.400566
     ],
     [
      132.453352,
      34.400565
     ],
     [
      132.453396,
      34.400562
     ],
     [
      132.453439,
      34.400559
     ],
     [
      132.453483,
      34.400556
     ],
     [
      132.453525,
      34.400554
     ],
     [
      132.453569,
      34.400551
     ],
     [
      132.453612,
      34.400547
     ],
     [
      132.453656,
      34.400542
     ],
     [
      132.453698,
      34.400537
     ],
     [
      132.453742,
      34.40053
     ],
     [
      132.453784,
      34.400523
     ],
     [
      132.453827,
      34.400515
     ],
     [
      132.453869,
      34.400507
     ],
     [
      132.453912,
      34.4005
     ],
     [
      132.453954,
      34.400493
     ],
     [
      132.453998,
      34.400488
     ],
     [
      132.454041,
      34.400484
     ],
     [
      132.454085,
      34.400482
     ],
     [
      132.454128,
      34.40048
     ],
     [
      132.454172,
      34.400479
     ],
     [
      132.454216,
      34.400478
     ],
     [
      132.454259,
      34.400478
     ],
     [
      132.454303,
      34.400478
     ],
     [
      132.454346,
      34.400477
     ],
     [
      132.45439,
      34.400476
     ],
     [
      132.454432,
      34.400474
     ],
     [
      132.454476,
      34.400471
     ],
     [
      132.454519,
      34.400466
     ],
     [
      132.454562,
      34.400461
     ],
     [
      132.454605,
      34.400453
     ],
     [
      132.454648,
      34.400445
     ],
     [
      132.454689,
      34.400436
     ],
     [
      132.454732,
      34.400426
     ],
     [
      132.454773,
      34.400416
     ],
     [
      132.454814,
      34.400406
     ],
     [
      132.454857,
      34.400395
     ],
     [
      132.454898,
      34.400385
     ],
     [
      132.454941,
      34.400375
     ],
     [
      132.454982,
      34.400365
     ],
     [
      132.455024,
      34.400356
     ],
     [
      132.455066,
      34.400346
     ],
     [
      132.455108,
      34.400337
     ],
     [
      132.45515,
      34.400326
     ],
     [
      132.455191,
      34.400316
     ],
     [
      132.455234,
      34.400306
     ],
     [
      132.455275,
      34.400295
     ],
     [
      132.455316,
      34.400284
     ],
     [
      132.455359,
      34.400273
     ],
     [
      132.4554,
      34.400263
     ],
     [
      132.455441,
      34.400253
     ],
     [
      132.455484,
      34.400243
     ],
     [
      132.455525,
      34.400233
     ],
     [
      132.455568,
      34.400224
     ],
     [
      132.45561,
      34.400215
     ],
     [
      132.455652,
      34.400207
     ],
     [
      132.455694,
      34.400199
     ],
     [
      132.455736,
      34.40019
     ],
     [
      132.455779,
      34.40018
     ],
     [
      132.45582,
      34.40017
     ],
     [
      132.455862,
      34.400158
     ],
     [
      132.455902,
      34.400145
     ],
     [
      132.455943,
      34.400133
     ],
     [
      132.455984,
      34.400119
     ],
     [
      132.456024,
      34.400106
     ],
     [
      132.456064,
      34.400092
     ],
     [
      132.456106,
      34.40008
     ],
     [
      132.456146,
      34.400069
     ],
     [
      132.456188,
      34.400058
     ],
     [
      132.45623,
      34.400048
     ],
     [
      132.456272,
      34.400039
     ],
     [
      132.456315,
      34.400032
     ],
     [
      132.456358,
      34.400026
     ],
     [
      132.456401,
      34.400021
     ],
     [
      132.456444,
      34.400019
     ],
     [
      132.456488,
      34.40002
     ],
     [
      132.456531,
      34.400024
     ],
     [
      132.456574,
      34.400031
     ],
     [
      132.456615,
      34.400041
     ],
     [
      132.456656,
      34.400053
     ],
     [
      132.456698,
      34.400064
     ],
     [
      132.45674,
      34.400072
     ],
     [
      132.456784,
      34.400066
     ],
     [
      132.456821,
      34.400049
     ],
     [
      132.456856,
      34.400027
     ],
     [
      132.456892,
      34.400006
     ],
     [
      132.456927,
      34.399986
     ],
     [
      132.456967,
      34.39997
     ],
     [
      132.457007,
      34.399956
     ],
     [
      132.457048,
      34.399945
     ],
     [
      132.45709,
      34.399935
     ],
     [
      132.457132,
      34.399926
     ],
     [
      132.457175,
      34.399916
     ],
     [
      132.457216,
      34.399907
     ],
     [
      132.457258,
      34.399897
     ],
     [
      132.4573,
      34.399886
     ],
     [
      132.457341,
      34.399874
     ],
     [
      132.457381,
      34.399861
     ],
     [
      132.457421,
      34.399846
     ],
     [
      132.45746,
      34.399831
     ],
     [
      132.457499,
      34.399814
     ],
     [
      132.457537,
      34.399797
     ],
     [
      132.457575,
      34.399779
     ],
     [
      132.457613,
      34.399761
     ],
     [
      132.457651,
      34.399744
     ],
     [
      132.457691,
      34.399728
     ],
     [
      132.45773,
      34.399713
     ],
     [
      132.457769,
      34.399697
     ],
     [
      132.457809,
      34.399684
     ],
     [
      132.457851,
      34.39967
     ],
     [
      132.457891,
      34.399658
     ],
     [
      132.457932,
      34.399646
     ],
     [
      132.457973,
      34.399633
     ],
     [
      132.458014,
      34.399621
     ],
     [
      132.458054,
      34.399608
     ],
     [
      132.458096,
      34.399597
     ],
     [
      132.458137,
      34.399584
     ],
     [
      132.458177,
      34.399572
     ],
     [
      132.458219,
      34.39956
     ],
     [
      132.45826,
      34.399549
     ],
     [
      132.458301,
      34.399538
     ],
     [
      132.458343,
      34.399527
     ],
     [
      132.458384,
      34.399516
     ],
     [
      132.458426,
      34.399505
     ],
     [
      132.458468,
      34.399495
     ],
     [
      132.458509,
      34.399484
     ],
     [
      132.458551,
      34.399474
     ],
     [
      132.458592,
      34.399463
     ],
     [
      132.458635,
      34.399452
     ],
     [
      132.458676,
      34.399442
     ],
     [
      132.458717,
      34.399431
     ],
     [
      132.458759,
      34.39942
     ],
     [
      132.4588,
      34.399407
     ],
     [
      132.45884,
      34.399394
     ],
     [
      132.458879,
      34.399379
     ],
     [
      132.458918,
      34.399361
     ],
     [
      132.458954,
      34.399341
     ],
     [
      132.458987,
      34.399318
     ],
     [
      132.459016,
      34.399291
     ],
     [
      132.45904,
      34.399261
     ],
     [
      132.459056,
      34.399228
     ],
     [
      132.459066,
      34.399193
     ],
     [
      132.45907,
      34.399157
     ],
     [
      132.459068,
      34.399121
     ],
     [
      132.459063,
      34.399085
     ],
     [
      132.459056,
      34.399049
     ],
     [
      132.459047,
      34.399014
     ],
     [
      132.459038,
      34.398979
     ],
     [
      132.459029,
      34.398944
     ],
     [
      132.459018,
      34.398909
     ],
     [
      132.459008,
      34.398874
     ],
     [
      132.458998,
      34.398839
     ],
     [
      132.458988,
      34.398803
     ],
     [
      132.458977,
      34.398768
     ],
     [
      132.458968,
      34.398733
     ],
     [
      132.458958,
      34.398698
     ],
     [
      132.458947,
      34.398664
     ],
     [
      132.458937,
      34.398629
     ],
     [
      132.458927,
      34.398593
     ],
     [
      132.458918,
      34.398558
     ],
     [
      132.458908,
      34.398523
     ],
     [
      132.458898,
      34.398488
     ],
     [
      132.458889,
      34.398453
     ],
     [
      132.458879,
      34.398418
     ],
     [
      132.45887,
      34.398382
     ],
     [
      132.45886,
      34.398347
     ],
     [
      132.45885,
      34.398312
     ],
     [
      132.45884,
      34.398277
     ],
     [
      132.45883,
      34.398242
     ],
     [
      132.458821,
      34.398207
     ],
     [
      132.45881,
      34.398172
     ],
     [
      132.4588,
      34.398136
     ],
     [
      132.45879,
      34.398101
     ],
     [
      132.458779,
      34.398066
     ],
     [
      132.45877,
      34.398031
     ],
     [
      132.45876,
      34.397996
     ],
     [
      132.45875,
      34.397961
     ],
     [
      132.45874,
      34.397926
     ],
     [
      132.45873,
      34.39789
     ],
     [
      132.458723,
      34.397855
     ],
     [
      132.458715,
      34.39782
     ],
     [
      132.458712,
      34.397784
     ],
     [
      132.458711,
      34.397748
     ],
     [
      132.458716,
      34.397712
     ],
     [
      132.458727,
      34.397677
     ],
     [
      132.458743,
      34.397643
     ],
     [
      132.458765,
      34.397613
     ],
     [
      132.458791,
      34.397584
     ],
     [
      132.458821,
      34.397557
     ],
     [
      132.458853,
      34.397533
     ],
     [
      132.458888,
      34.397512
     ],
     [
      132.458924,
      34.397492
     ],
     [
      132.458963,
      34.397475
     ],
     [
      132.459003,
      34.39746
     ],
     [
      132.459043,
      34.397447
     ],
     [
      132.459084,
      34.397434
     ],
     [
      132.459126,
      34.397423
     ],
     [
      132.459167,
      34.397413
     ],
     [
      132.459208,
      34.397403
     ],
     [
      132.459251,
      34.397392
     ],
     [
      132.459292,
      34.397382
     ],
     [
      132.459333,
      34.397372
     ],
     [
      132.459376,
      34.397362
     ],
     [
      132.459417,
      34.397352
     ],
     [
      132.45946,
      34.397342
     ],
     [
      132.459501,
      34.397332
     ],
     [
      132.459544,
      34.397323
     ],
     [
      132.459586,
      34.397314
     ],
     [
      132.459627,
      34.397305
     ],
     [
      132.45967,
      34.397295
     ],
     [
      132.459711,
      34.397286
     ],
     [
      132.459754,
      34.397276
     ],
     [
      132.459795,
      34.397267
     ],
     [
      132.459838,
      34.397257
     ],
     [
      132.45988,
      34.397248
     ],
     [
      132.459921,
      34.397238
     ],
     [
      132.459964,
      34.397229
     ],
     [
      132.460006,
      34.39722
     ],
     [
      132.460049,
      34.397211
     ],
     [
      132.46009,
      34.397203
     ],
     [
      132.460133,
      34.397193
     ],
     [
      132.460175,
      34.397184
     ],
     [
      132.460216,
      34.397175
     ],
     [
      132.460259,
      34.397165
     ],
     [
      132.4603,
      34.397155
     ],
     [
      132.460343,
      34.397146
     ],
     [
      132.460384,
      34.397136
     ],
     [
      132.460426,
      34.397127
     ],
     [
      132.460469,
      34.397117
     ],
     [
      132.46051,
      34.397108
     ],
     [
      132.460553,
      34.3971
     ],
     [
      132.460595,
      34.397091
     ],
     [
      132.460638,
      34.397084
     ],
     [
      132.46068,
      34.397076
     ],
     [
      132.460724,
      34.397072
     ],
     [
      132.460767,
      34.397069
     ],
     [
      132.460811,
      34.397071
     ],
     [
      132.460853,
      34.397079
     ],
     [
      132.460894,
      34.397093
     ],
     [
      132.460929,
      34.397113
     ],
     [
      132.46096,
      34.397138
     ],
     [
      132.460986,
      34.397167
     ],
     [
      132.461008,
      34.397198
     ],
     [
      132.461025,
      34.397232
     ],
     [
      132.461041,
      34.397265
     ],
     [
      132.461055,
      34.397299
     ],
     [
      132.461068,
      34.397333
     ],
     [
      132.461081,
      34.397368
     ],
     [
      132.461093,
      34.397403
     ],
     [
      132.461105,
      34.397437
     ],
     [
      132.461118,
      34.397471
     ],
     [
      132.46113,
      34.397506
     ],
     [
      132.461142,
      34.397541
     ],
     [
      132.461155,
      34.397575
     ],
     [
      132.461167,
      34.39761
     ],
     [
      132.461179,
      34.397644
     ],
     [
      132.461191,
      34.397679
     ],
     [
      132.461203,
      34.397714
     ],
     [
      132.461214,
      34.397749
     ],
     [
      132.461226,
      34.397783
     ],
     [
      132.461238,
      34.397818
     ],
     [
      132.461251,
      34.397853
     ],
     [
      132.461264,
      34.397887
     ],
     [
      132.461277,
      34.397921
     ],
     [
      132.46129,
      34.397955
     ],
     [
      132.461304,
      34.397989
     ],
     [
      132.461317,
      34.398024
     ],
     [
      132.461331,
      34.398058
     ],
     [
      132.461344,
      34.398092
     ],
     [
      132.461357,
      34.398127
     ],
     [
      132.46137,
      34.398162
     ],
     [
      132.461383,
      34.398196
     ],
     [
      132.461395,
      34.39823
     ],
     [
      132.461406,
      34.398265
     ],
     [
      132.461417,
      34.3983
     ],
     [
      132.461426,
      34.398336
     ],
     [
      132.461432,
      34.398372
     ],
     [
      132.461438,
      34.398407
     ],
     [
      132.46144,
      34.398443
     ],
     [
      132.46144,
      34.398479
     ],
     [
      132.461436,
      34.398515
     ],
     [
      132.461427,
      34.39855
     ],
     [
      132.461414,
      34.398584
     ],
     [
      132.461397,
      34.398618
     ],
     [
      132.461374,
      34.398648
     ],
     [
      132.461349,
      34.398678
     ],
     [
      132.461319,
      34.398705
     ],
     [
      132.461288,
      34.398729
     ],
     [
      132.461254,
      34.398752
     ],
     [
      132.461218,
      34.398773
     ],
     [
      132.46118,
      34.398791
     ],
     [
      132.461141,
      34.398806
     ],
     [
      132.4611,
      34.39882
     ],
     [
      132.46106,
      34.398832
     ],
     [
      132.461019,
      34.398843
     ],
     [
      132.460977,
      34.398855
     ],
     [
      132.460937,
      34.398868
     ],
     [
      132.460898,
      34.398885
     ],
     [
      132.460863,
      34.398906
     ],
     [
      132.460833,
      34.398931
     ],
     [
      132.46081,
      34.398962
     ],
     [
      132.460796,
      34.398996
     ],
     [
      132.46079,
      34.399032
     ],
     [
      132.46079,
      34.399068
     ],
     [
      132.460796,
      34.399104
     ],
     [
      132.460803,
      34.39914
     ],
     [
      132.460813,
      34.399175
     ],
     [
      132.460823,
      34.39921
     ],
     [
      132.460834,
      34.399244
     ],
     [
      132.460846,
      34.399279
     ],
     [
      132.460857,
      34.399314
     ],
     [
      132.460868,
      34.399349
     ],
     [
      132.460882,
      34.399383
     ],
     [
      132.460894,
      34.399418
     ],
     [
      132.460907,
      34.399452
     ],
     [
      132.460919,
      34.399487
     ],
     [
      132.460932,
      34.399522
     ],
     [
      132.460944,
      34.399556
     ],
     [
      132.460957,
      34.39959
     ],
     [
      132.460969,
      34.399625
     ],
     [
      132.460981,
      34.39966
     ],
     [
      132.460994,
      34.399694
     ],
     [
      132.461006,
      34.399729
     ],
     [
      132.461018,
      34.399763
     ],
     [
      132.461031,
      34.399798
     ],
     [
      132.461043,
      34.399833
     ],
     [
      132.461056,
      34.399867
     ],
     [
      132.461068,
      34.399901
     ],
     [
      132.461081,
      34.399936
     ],
     [
      132.461093,
      34.399971
     ],
     [
      132.461106,
      34.400005
     ],
     [
      132.461118,
      34.40004
     ],
     [
      132.461131,
      34.400074
     ],
     [
      132.461144,
      34.400108
     ],
     [
      132.461156,
      34.400143
     ],
     [
      132.461169,
      34.400178
     ],
     [
      132.461182,
      34.400212
     ],
     [
      132.461194,
      34.400246
     ],
     [
      132.461207,
      34.400282
     ],
     [
      132.461219,
      34.400316
     ],
     [
      132.461231,
      34.40035
     ],
     [
      132.461244,
      34.400385
     ],
     [
      132.461256,
      34.400419
     ],
     [
      132.461268,
      34.400454
     ],
     [
      132.461281,
      34.400489
     ],
     [
      132.461293,
      34.400523
     ],
     [
      132.461306,
      34.400557
     ],
     [
      132.461318,
      34.400592
     ],
     [
      132.461331,
      34.400627
     ],
     [
      132.461343,
      34.400661
     ],
     [
      132.461355,
      34.400696
     ],
     [
      132.461367,
      34.40073
     ],
     [
      132.461378,
      34.400766
     ],
     [
      132.461389,
      34.400801
     ],
     [
      132.461398,
      34.400836
     ],
     [
      132.461406,
      34.400871
     ],
     [
      132.461413,
      34.400907
     ],
     [
      132.461419,
      34.400942
     ],
     [
      132.461426,
      34.400978
     ],
     [
      132.461432,
      34.401013
     ],
     [
      132.461441,
      34.401049
     ],
     [
      132.461452,
      34.401084
     ],
     [
      132.461466,
      34.401118
     ],
     [
      132.461481,
      34.401151
     ],
     [
      132.461498,
      34.401185
     ],
     [
      132.461516,
      34.401218
     ],
     [
      132.461534,
      34.40125
     ],
     [
      132.461551,
      34.401284
     ],
     [
      132.461569,
      34.401317
     ],
     [
      132.461584,
      34.40135
     ],
     [
      132.461599,
      34.401385
     ],
     [
      132.461612,
      34.401419
     ],
     [
      132.461626,
      34.401453
     ],
     [
      132.461638,
      34.401487
     ],
     [
      132.461651,
      34.401522
     ],
     [
      132.461664,
      34.401556
     ],
     [
      132.461677,
      34.401591
     ],
     [
      132.461689,
      34.401625
     ],
     [
      132.461702,
      34.40166
     ],
     [
      132.461715,
      34.401694
     ],
     [
      132.461727,
      34.401729
     ],
     [
      132.461741,
      34.401763
     ],
     [
      132.461754,
      34.401798
     ],
     [
      132.461767,
      34.401832
     ],
     [
      132.461779,
      34.401867
     ],
     [
      132.461792,
      34.401901
     ],
     [
      132.461804,
      34.401935
     ],
     [
      132.461817,
      34.401971
     ],
     [
      132.461829,
      34.402005
     ],
     [
      132.461841,
      34.402039
     ],
     [
      132.461853,
      34.402074
     ],
     [
      132.461865,
      34.402108
     ],
     [
      132.461877,
      34.402144
     ],
     [
      132.46189,
      34.402178
     ],
     [
      132.461902,
      34.402212
     ],
     [
      132.461915,
      34.402247
     ],
     [
      132.461928,
      34.402282
     ],
     [
      132.46194,
      34.402316
     ],
     [
      132.461953,
      34.40235
     ],
     [
      132.461966,
      34.402385
     ],
     [
      132.461978,
      34.402419
     ],
     [
      132.461991,
      34.402454
     ],
     [
      132.462003,
      34.402489
     ],
     [
      132.462015,
      34.402523
     ],
     [
      132.462027,
      34.402557
     ],
     [
      132.46204,
      34.402592
     ],
     [
      132.462052,
      34.402627
     ],
     [
      132.462065,
      34.402661
     ],
     [
      132.462077,
      34.402696
     ],
     [
      132.46209,
      34.40273
     ],
     [
      132.462103,
      34.402765
     ],
     [
      132.462116,
      34.402799
     ],
     [
      132.462129,
      34.402833
     ],
     [
      132.462144,
      34.402867
     ],
     [
      132.462161,
      34.402901
     ],
     [
      132.462179,
      34.402933
     ],
     [
      132.462201,
      34.402965
     ],
     [
      132.462226,
      34.402994
     ],
     [
      132.462254,
      34.403021
     ],
     [
      132.462286,
      34.403046
     ],
     [
      132.462322,
      34.403067
     ],
     [
      132.462361,
      34.403083
     ],
     [
      132.462402,
      34.403095
     ],
     [
      132.462445,
      34.403101
     ],
     [
      132.462488,
      34.403103
     ],
     [
      132.462532,
      34.403101
     ],
     [
      132.462574,
      34.403095
     ],
     [
      132.462618,
      34.403089
     ],
     [
      132.46266,
      34.403081
     ],
     [
      132.462703,
      34.403073
     ],
     [
      132.462744,
      34.403064
     ],
     [
      132.462787,
      34.403055
     ],
     [
      132.462829,
      34.403045
     ],
     [
      132.462871,
      34.403036
     ],
     [
      132.462913,
      34.403026
     ],
     [
      132.462954,
      34.403017
     ],
     [
      132.462997,
      34.403007
     ],
     [
      132.463038,
      34.402997
     ],
     [
      132.463081,
      34.402987
     ],
     [
      132.463122,
      34.402977
     ],
     [
      132.463165,
      34.402967
     ],
     [
      132.463206,
      34.402958
     ],
     [
      132.463248,
      34.402948
     ],
     [
      132.46329,
      34.402938
     ],
     [
      132.463332,
      34.402928
     ],
     [
      132.463374,
      34.402918
     ],
     [
      132.463416,
      34.402908
     ],
     [
      132.463457,
      34.402898
     ],
     [
      132.4635,
      34.402888
     ],
     [
      132.463541,
      34.402878
     ],
     [
      132.463583,
      34.402868
     ],
     [
      132.463625,
      34.402858
     ],
     [
      132.463666,
      34.402848
     ],
     [
      132.463709,
      34.402838
     ],
     [
      132.46375,
      34.402828
     ],
     [
      132.463793,
      34.402818
     ],
     [
      132.463834,
      34.402809
     ],
     [
      132.463877,
      34.402799
     ],
     [
      132.463918,
      34.402789
     ],
     [
      132.46396,
      34.40278
     ],
     [
      132.464002,
      34.40277
     ],
     [
      132.464044,
      34.40276
     ],
     [
      132.464086,
      34.40275
     ],
     [
      132.464128,
      34.40274
     ],
     [
      132.464169,
      34.40273
     ],
     [
      132.464211,
      34.40272
     ],
     [
      132.464253,
      34.402711
     ],
     [
      132.464295,
      34.402701
     ],
     [
      132.464337,
      34.402691
     ],
     [
      132.464378,
      34.402681
     ],
     [
      132.464421,
      34.402671
     ],
     [
      132.464462,
      34.402661
     ],
     [
      132.464505,
      34.402651
     ],
     [
      132.464546,
      34.402641
     ],
     [
      132.464589,
      34.402631
     ],
     [
      132.46463,
      34.40262
     ],
     [
      132.464671,
      34.402611
     ],
     [
      132.464714,
      34.402601
     ],
     [
      132.464755,
      34.402591
     ],
     [
      132.464798,
      34.402582
     ],
     [
      132.464839,
      34.402572
     ],
     [
      132.464881,
      34.402562
     ],
     [
      132.464923,
      34.402552
     ],
     [
      132.464965,
      34.402543
     ],
     [
      132.465007,
      34.402533
     ],
     [
      132.465049,
      34.402523
     ],
     [
      132.46509,
      34.402513
     ],
     [
      132.465133,
      34.402503
     ],
     [
      132.465174,
      34.402493
     ],
     [
      132.465217,
      34.402483
     ],
     [
      132.465258,
      34.402474
     ],
     [
      132.465301,
      34.402464
     ],
     [
      132.465342,
      34.402454
     ],
     [
      132.465384,
      34.402444
     ],
     [
      132.465426,
      34.402434
     ],
     [
      132.465468,
      34.402424
     ],
     [
      132.46551,
      34.402414
     ],
     [
      132.465552,
      34.402405
     ],
     [
      132.465593,
      34.402396
     ],
     [
      132.465637,
      34.402389
     ],
     [
      132.465679,
      34.402383
     ],
     [
      132.465723,
      34.402382
     ],
     [
      132.465766,
      34.402384
     ],
     [
      132.465809,
      34.402393
     ],
     [
      132.465847,
      34.40241
     ],
     [
      132.465881,
      34.402432
     ],
     [
      132.465908,
      34.40246
     ],
     [
      132.465929,
      34.402492
     ],
     [
      132.465942,
      34.402526
     ],
     [
      132.465949,
      34.402561
     ],
     [
      132.465953,
      34.402597
     ],
     [
      132.465952,
      34.402633
     ],
     [
      132.465948,
      34.402669
     ],
     [
      132.465943,
      34.402705
     ],
     [
      132.465937,
      34.402741
     ],
     [
      132.465932,
      34.402776
     ],
     [
      132.465925,
      34.402812
     ],
     [
      132.46592,
      34.402848
     ],
     [
      132.465913,
      34.402884
     ],
     [
      132.465906,
      34.402919
     ],
     [
      132.465899,
      34.402955
     ],
     [
      132.465892,
      34.40299
     ],
     [
      132.465883,
      34.403026
     ],
     [
      132.465874,
      34.403061
     ],
     [
      132.465866,
      34.403096
     ],
     [
      132.465855,
      34.403131
     ],
     [
      132.465845,
      34.403167
     ],
     [
      132.465834,
      34.403201
     ],
     [
      132.465822,
      34.403236
     ],
     [
      132.465811,
      34.403271
     ],
     [
      132.4658,
      34.403305
     ],
     [
      132.465789,
      34.403341
     ],
     [
      132.46578,
      34.403376
     ],
     [
      132.46577,
      34.403411
     ],
     [
      132.465761,
      34.403446
     ],
     [
      132.465752,
      34.403481
     ],
     [
      132.465744,
      34.403517
     ],
     [
      132.465735,
      34.403552
     ],
     [
      132.465726,
      34.403588
     ],
     [
      132.465717,
      34.403623
     ],
     [
      132.465709,
      34.403658
     ],
     [
      132.4657,
      34.403694
     ],
     [
      132.465691,
      34.403729
     ],
     [
      132.465682,
      34.403764
     ],
     [
      132.465673,
      34.403799
     ],
     [
      132.465664,
      34.403834
     ],
     [
      132.465655,
      34.40387
     ],
     [
      132.465647,
      34.403906
     ],
     [
      132.465638,
      34.403941
     ],
     [
      132.46563,
      34.403976
     ],
     [
      132.465622,
      34.404011
     ],
     [
      132.465614,
      34.404047
     ],
     [
      132.465605,
      34.404082
     ],
     [
      132.465598,
      34.404117
     ],
     [
      132.46559,
      34.404154
     ],
     [
      132.465584,
      34.404189
     ],
     [
      132.465578,
      34.404225
     ],
     [
      132.465576,
      34.404261
     ],
     [
      132.46558,
      34.404297
     ],
     [
      132.465591,
      34.404331
     ],
     [
      132.465614,
      34.404362
     ],
     [
      132.465648,
      34.404384
     ],
     [
      132.465688,
      34.404398
     ],
     [
      132.465731,
      34.404403
     ],
     [
      132.465774,
      34.404403
     ],
     [
      132.465818,
      34.404399
     ],
     [
      132.46586,
      34.404392
     ],
     [
      132.465903,
      34.404384
     ],
     [
      132.465945,
      34.404374
     ],
     [
      132.465986,
      34.404364
     ],
     [
      132.466028,
      34.404353
     ],
     [
      132.466069,
      34.404342
     ],
     [
      132.46611,
      34.404329
     ],
     [
      132.466151,
      34.404318
     ],
     [
      132.466192,
      34.404305
     ],
     [
      132.466232,
      34.404292
     ],
     [
      132.466274,
      34.40428
     ],
     [
      132.466314,
      34.404267
     ],
     [
      132.466355,
      34.404254
     ],
     [
      132.466396,
      34.404242
     ],
     [
      132.466437,
      34.40423
     ],
     [
      132.466478,
      34.404218
     ],
     [
      132.466519,
      34.404206
     ],
     [
      132.46656,
      34.404194
     ],
     [
      132.466601,
      34.404181
     ],
     [
      132.466642,
      34.404169
     ],
     [
      132.466683,
      34.404157
     ],
     [
      132.466723,
      34.404145
     ],
     [
      132.466765,
      34.404132
     ],
     [
      132.466805,
      34.404119
     ],
     [
      132.466846,
      34.404108
     ],
     [
      132.466888,
      34.404097
     ],
     [
      132.46693,
      34.404087
     ],
     [
      132.466972,
      34.404076
     ],
     [
      132.467014,
      34.404067
     ],
     [
      132.467055,
      34.404056
     ],
     [
      132.467097,
      34.404045
     ],
     [
      132.467137,
      34.404033
     ],
     [
      132.467177,
      34.404018
     ],
     [
      132.467217,
      34.404003
     ],
     [
      132.467256,
      34.403987
     ],
     [
      132.467294,
      34.403969
     ],
     [
      132.467331,
      34.403951
     ],
     [
      132.467369,
      34.403932
     ],
     [
      132.467406,
      34.403913
     ],
     [
      132.467443,
      34.403894
     ],
     [
      132.467479,
      34.403875
     ],
     [
      132.467516,
      34.403855
     ],
     [
      132.467553,
      34.403836
     ],
     [
      132.46759,
      34.403817
     ],
     [
      132.467627,
      34.403798
     ],
     [
      132.467664,
      34.403779
     ],
     [
      132.467701,
      34.403761
     ],
     [
      132.467738,
      34.403742
     ],
     [
      132.467775,
      34.403723
     ],
     [
      132.467812,
      34.403704
     ],
     [
      132.467849,
      34.403685
     ],
     [
      132.467887,
      34.403666
     ],
     [
      132.467924,
      34.403648
     ],
     [
      132.467961,
      34.403629
     ],
     [
      132.467998,
      34.40361
     ],
     [
      132.468036,
      34.403592
     ],
     [
      132.468073,
      34.403573
     ],
     [
      132.468111,
      34.403555
     ],
     [
      132.468148,
      34.403537
     ],
     [
      132.468185,
      34.403518
     ],
     [
      132.468224,
      34.4035
     ],
     [
      132.468261,
      34.403481
     ],
     [
      132.468299,
      34.403463
     ],
     [
      132.468336,
      34.403445
     ],
     [
      132.468374,
      34.403427
     ],
     [
      132.468412,
      34.40341
     ],
     [
      132.468451,
      34.403394
     ],
     [
      132.46849,
      34.403378
     ],
     [
      132.468531,
      34.403365
     ],
     [
      132.468572,
      34.403353
     ],
     [
      132.468614,
      34.403344
     ],
     [
      132.468657,
      34.403338
     ],
     [
      132.4687,
      34.403334
     ],
     [
      132.468744,
      34.403332
     ],
     [
      132.468788,
      34.403333
     ],
     [
      132.468831,
      34.403337
     ],
     [
      132.468874,
      34.403341
     ],
     [
      132.468917,
      34.403347
     ],
     [
      132.46896,
      34.403354
     ],
     [
      132.469002,
      34.40336
     ],
     [
      132.469046,
      34.403367
     ],
     [
      132.469088,
      34.403372
     ],
     [
      132.469132,
      34.403378
     ],
     [
      132.469175,
      34.403382
     ],
     [
      132.469218,
      34.403387
     ],
     [
      132.469261,
      34.403391
     ],
     [
      132.469305,
      34.403396
     ],
     [
      132.469347,
      34.4034
     ],
     [
      132.469391,
      34.403404
     ],
     [
      132.469434,
      34.403405
     ],
     [
      132.469478,
      34.403406
     ],
     [
      132.469521,
      34.403405
     ],
     [
      132.469565,
      34.4034
     ],
     [
      132.469607,
      34.403393
     ],
     [
      132.46965,
      34.403384
     ],
     [
      132.469691,
      34.403372
     ],
     [
      132.469731,
      34.40336
     ],
     [
      132.469773,
      34.403348
     ],
     [
      132.469813,
      34.403335
     ],
     [
      132.469854,
      34.403323
     ],
     [
      132.469896,
      34.403311
     ],
     [
      132.469937,
      34.4033
     ],
     [
      132.469979,
      34.403288
     ],
     [
      132.47002,
      34.403278
     ],
     [
      132.470061,
      34.403268
     ],
     [
      132.470103,
      34.403257
     ],
     [
      132.470144,
      34.403245
     ],
     [
      132.470185,
      34.403234
     ],
     [
      132.470227,
      34.403222
     ],
     [
      132.470267,
      34.403209
     ],
     [
      132.470307,
      34.403195
     ],
     [
      132.470348,
      34.40318
     ],
     [
      132.470387,
      34.403165
     ],
     [
      132.470425,
      34.403148
     ],
     [
      132.470463,
      34.403131
     ],
     [
      132.470501,
      34.403113
     ],
     [
      132.470539,
      34.403095
     ],
     [
      132.470576,
      34.403076
     ],
     [
      132.470614,
      34.403058
     ],
     [
      132.470651,
      34.40304
     ],
     [
      132.470689,
      34.403022
     ],
     [
      132.470728,
      34.403004
     ],
     [
      132.470766,
      34.402987
     ],
     [
      132.470804,
      34.402969
     ],
     [
      132.470841,
      34.402951
     ],
     [
      132.470879,
      34.402933
     ],
     [
      132.470916,
      34.402914
     ],
     [
      132.470952,
      34.402894
     ],
     [
      132.470988,
      34.402874
     ],
     [
      132.471023,
      34.402853
     ],
     [
      132.471057,
      34.40283
     ],
     [
      132.471091,
      34.402808
     ],
     [
      132.471125,
      34.402784
     ],
     [
      132.471158,
      34.402761
     ],
     [
      132.471189,
      34.402737
     ],
     [
      132.471221,
      34.402711
     ],
     [
      132.471252,
      34.402687
     ],
     [
      132.471284,
      34.402662
     ],
     [
      132.471315,
      34.402637
     ],
     [
      132.471346,
      34.402611
     ],
     [
      132.471376,
      34.402585
     ],
     [
      132.471406,
      34.402559
     ],
     [
      132.471436,
      34.402533
     ],
     [
      132.471466,
      34.402507
     ],
     [
      132.471496,
      34.402481
     ],
     [
      132.471526,
      34.402454
     ],
     [
      132.471555,
      34.402428
     ],
     [
      132.471583,
      34.4024
     ],
     [
      132.471613,
      34.402373
     ],
     [
      132.471642,
      34.402346
     ],
     [
      132.471671,
      34.402319
     ],
     [
      132.4717,
      34.402293
     ],
     [
      132.471729,
      34.402266
     ],
     [
      132.471759,
      34.402239
     ],
     [
      132.471787,
      34.402212
     ],
     [
      132.471816,
      34.402186
     ],
     [
      132.471846,
      34.402159
     ],
     [
      132.471874,
      34.402132
     ],
     [
      132.471903,
      34.402105
     ],
     [
      132.471933,
      34.402079
     ],
     [
      132.471962,
      34.402052
     ],
     [
      132.47199,
      34.402025
     ],
     [
      132.47202,
      34.401998
     ],
     [
      132.472049,
      34.401971
     ],
     [
      132.472079,
      34.401944
     ],
     [
      132.472107,
      34.401917
     ],
     [
      132.472136,
      34.40189
     ],
     [
      132.472166,
      34.401863
     ],
     [
      132.472194,
      34.401836
     ],
     [
      132.472223,
      34.40181
     ],
     [
      132.472252,
      34.401783
     ],
     [
      132.472281,
      34.401756
     ],
     [
      132.472309,
      34.401729
     ],
     [
      132.472339,
      34.401702
     ],
     [
      132.472368,
      34.401675
     ],
     [
      132.472396,
      34.401648
     ],
     [
      132.472426,
      34.401621
     ],
     [
      132.472454,
      34.401594
     ],
     [
      132.472483,
      34.401567
     ],
     [
      132.472512,
      34.40154
     ],
     [
      132.47254,
      34.401513
     ],
     [
      132.47257,
      34.401486
     ],
     [
      132.472599,
      34.401459
     ],
     [
      132.472627,
      34.401432
     ],
     [
      132.472657,
      34.401405
     ],
     [
      132.472685,
      34.401378
     ],
     [
      132.472714,
      34.401351
     ],
     [
      132.472744,
      34.401324
     ],
     [
      132.472773,
      34.401298
     ],
     [
      132.472803,
      34.401271
     ],
     [
      132.472832,
      34.401245
     ],
     [
      132.472861,
      34.401219
     ],
     [
      132.472892,
      34.401193
     ],
     [
      132.472922,
      34.401167
     ],
     [
      132.472952,
      34.40114
     ],
     [
      132.472982,
      34.401114
     ],
     [
      132.473013,
      34.401089
     ],
     [
      132.473044,
      34.401063
     ],
     [
      132.473075,
      34.401038
     ],
     [
      132.473106,
      34.401012
     ],
     [
      132.473137,
      34.400988
     ],
     [
      132.473168,
      34.400963
     ],
     [
      132.4732,
      34.400939
     ],
     [
      132.473233,
      34.400913
     ],
     [
      132.473264,
      34.400889
     ],
     [
      132.473297,
      34.400866
     ],
     [
      132.473329,
      34.400841
     ],
     [
      132.473362,
      34.400818
     ],
     [
      132.473396,
      34.400794
     ],
     [
      132.473429,
      34.400771
     ],
     [
      132.473462,
      34.400748
     ],
     [
      132.473496,
      34.400726
     ],
     [
      132.47353,
      34.400702
     ],
     [
      132.473565,
      34.400681
     ],
     [
      132.473598,
      34.400658
     ],
     [
      132.473633,
      34.400636
     ],
     [
      132.473667,
      34.400614
     ],
     [
      132.473702,
      34.400592
     ],
     [
      132.473737,
      34.400571
     ],
     [
      132.473771,
      34.400549
     ],
     [
      132.473807,
      34.400528
     ],
     [
      132.473842,
      34.400507
     ],
     [
      132.473878,
      34.400486
     ],
     [
      132.473914,
      34.400465
     ],
     [
      132.47395,
      34.400445
     ],
     [
      132.473986,
      34.400425
     ],
     [
      132.474022,
      34.400405
     ],
     [
      132.474058,
      34.400384
     ],
     [
      132.474094,
      34.400364
     ],
     [
      132.47413,
      34.400344
     ],
     [
      132.474165,
      34.400322
     ],
     [
      132.474197,
      34.400299
     ],
     [
      132.47423,
      34.400274
     ],
     [
      132.474261,
      34.400249
     ],
     [
      132.474292,
      34.400224
     ],
     [
      132.474322,
      34.400198
     ],
     [
      132.474352,
      34.400172
     ],
     [
      132.47438,
      34.400145
     ],
     [
      132.474408,
      34.400117
     ],
     [
      132.474437,
      34.40009
     ],
     [
      132.474465,
      34.400062
     ],
     [
      132.474492,
      34.400034
     ],
     [
      132.474519,
      34.400006
     ],
     [
      132.474547,
      34.399977
     ],
     [
      132.474573,
      34.399949
     ],
     [
      132.4746,
      34.39992
     ],
     [
      132.474626,
      34.399891
     ],
     [
      132.474651,
      34.399862
     ],
     [
      132.474677,
      34.399834
     ],
     [
      132.474703,
      34.399804
     ],
     [
      132.474728,
      34.399775
     ],
     [
      132.474753,
      34.399745
     ],
     [
      132.474779,
      34.399716
     ],
     [
      132.474804,
      34.399687
     ],
     [
      132.474829,
      34.399657
     ],
     [
      132.474853,
      34.399626
     ],
     [
      132.474877,
      34.399597
     ],
     [
      132.4749,
      34.399567
     ],
     [
      132.474924,
      34.399536
     ],
     [
      132.474947,
      34.399505
     ],
     [
      132.47497,
      34.399475
     ],
     [
      132.474993,
      34.399444
     ],
     [
      132.475016,
      34.399414
     ],
     [
      132.475038,
      34.399382
     ],
     [
      132.475059,
      34.399351
     ],
     [
      132.47508,
      34.399319
     ],
     [
      132.4751,
      34.399287
     ],
     [
      132.475119,
      34.399255
     ],
     [
      132.475138,
      34.399222
     ],
     [
      132.475155,
      34.399189
     ],
     [
      132.47517,
      34.399156
     ],
     [
      132.475182,
      34.399121
     ],
     [
      132.475192,
      34.399085
     ],
     [
      132.475198,
      34.39905
     ],
     [
      132.4752,
      34.399014
     ],
     [
      132.4752,
      34.398978
     ],
     [
      132.475201,
      34.398942
     ],
     [
      132.475201,
      34.398906
     ],
     [
      132.475202,
      34.39887
     ],
     [
      132.475202,
      34.398834
     ],
     [
      132.475203,
      34.398798
     ],
     [
      132.475203,
      34.398762
     ],
     [
      132.475204,
      34.398726
     ],
     [
      132.475205,
      34.39869
     ],
     [
      132.475206,
      34.398654
     ],
     [
      132.475206,
      34.398618
     ],
     [
      132.475207,
      34.398582
     ],
     [
      132.475207,
      34.398546
     ],
     [
      132.475209,
      34.39851
     ],
     [
      132.475209,
      34.398474
     ],
     [
      132.475207,
      34.398437
     ],
     [
      132.475207,
      34.398401
     ],
     [
      132.475207,
      34.398365
     ],
     [
      132.475206,
      34.398329
     ],
     [
      132.475206,
      34.398293
     ],
     [
      132.475205,
      34.398257
     ],
     [
      132.475204,
      34.398221
     ],
     [
      132.475203,
      34.398185
     ],
     [
      132.475203,
      34.398149
     ],
     [
      132.475202,
      34.398113
     ],
     [
      132.475201,
      34.398077
     ],
     [
      132.475199,
      34.398041
     ],
     [
      132.475198,
      34.398005
     ],
     [
      132.475195,
      34.397969
     ],
     [
      132.475193,
      34.397933
     ],
     [
      132.475191,
      34.397897
     ],
     [
      132.475191,
      34.397894
     ]
    ]
   }
  },
  {
   "type": "Feature",
   "properties": {
    "name": "新設高架 1",
    "stroke": "#3a86ff",
    "stroke-width": 6
   },
   "geometry": {
    "type": "LineString",
    "coordinates": [
     [
      132.475191,
      34.397894
     ],
     [
      132.475189,
      34.397876
     ],
     [
      132.475188,
      34.397858
     ],
     [
      132.475187,
      34.39784
     ],
     [
      132.475185,
      34.397822
     ],
     [
      132.475184,
      34.397804
     ],
     [
      132.475182,
      34.397787
     ],
     [
      132.47518,
      34.397769
     ],
     [
      132.475179,
      34.397751
     ],
     [
      132.475178,
      34.397733
     ],
     [
      132.475176,
      34.397715
     ],
     [
      132.475175,
      34.397697
     ],
     [
      132.475174,
      34.397679
     ],
     [
      132.475172,
      34.397661
     ],
     [
      132.47517,
      34.397642
     ],
     [
      132.475168,
      34.397624
     ],
     [
      132.475167,
      34.397606
     ],
     [
      132.475166,
      34.397588
     ],
     [
      132.475164,
      34.39757
     ],
     [
      132.475163,
      34.397552
     ],
     [
      132.475161,
      34.397534
     ],
     [
      132.475158,
      34.397516
     ],
     [
      132.475157,
      34.397498
     ],
     [
      132.475155,
      34.39748
     ],
     [
      132.475153,
      34.397463
     ],
     [
      132.475151,
      34.397445
     ],
     [
      132.475149,
      34.397427
     ],
     [
      132.475146,
      34.397409
     ],
     [
      132.475143,
      34.397391
     ],
     [
      132.475141,
      34.397373
     ],
     [
      132.475138,
      34.397355
     ],
     [
      132.475136,
      34.397338
     ],
     [
      132.475132,
      34.39732
     ],
     [
      132.475129,
      34.397302
     ],
     [
      132.475126,
      34.397284
     ],
     [
      132.475123,
      34.397266
     ],
     [
      132.475119,
      34.397249
     ],
     [
      132.475116,
      34.397231
     ],
     [
      132.475113,
      34.397213
     ],
     [
      132.475108,
      34.397195
     ],
     [
      132.475105,
      34.397177
     ],
     [
      132.475102,
      34.397159
     ],
     [
      132.475099,
      34.397141
     ],
     [
      132.475094,
      34.397123
     ],
     [
      132.475091,
      34.397106
     ],
     [
      132.475088,
      34.397088
     ],
     [
      132.475083,
      34.39707
     ],
     [
      132.47508,
      34.397053
     ],
     [
      132.475076,
      34.397035
     ],
     [
      132.475071,
      34.397017
     ],
     [
      132.475067,
      34.397
     ],
     [
      132.475063,
      34.396982
     ],
     [
      132.475058,
      34.396965
     ],
     [
      132.475053,
      34.396947
     ],
     [
      132.475047,
      34.39693
     ],
     [
      132.475042,
      34.396912
     ],
     [
      132.475035,
      34.396894
     ],
     [
      132.47503,
      34.396877
     ],
     [
      132.475023,
      34.39686
     ],
     [
      132.475016,
      34.396843
     ],
     [
      132.475009,
      34.396826
     ],
     [
      132.475002,
      34.396809
     ],
     [
      132.474994,
      34.396793
     ],
     [
      132.474986,
      34.396775
     ],
     [
      132.474979,
      34.396758
     ],
     [
      132.47497,
      34.396742
     ],
     [
      132.474963,
      34.396725
     ],
     [
      132.474954,
      34.396709
     ],
     [
      132.474946,
      34.396692
     ],
     [
      132.474937,
      34.396675
     ],
     [
      132.474929,
      34.396658
     ],
     [
      132.474921,
      34.396642
     ],
     [
      132.474912,
      34.396625
     ],
     [
      132.474904,
      34.396609
     ],
     [
      132.474896,
      34.396592
     ],
     [
      132.474887,
      34.396575
     ],
     [
      132.474879,
      34.396558
     ],
     [
      132.474871,
      34.396542
     ],
     [
      132.474862,
      34.396525
     ],
     [
      132.474854,
      34.396509
     ],
     [
      132.474845,
      34.396492
     ],
     [
      132.474836,
      34.396475
     ],
     [
      132.474828,
      34.396459
     ],
     [
      132.474819,
      34.396443
     ],
     [
      132.47481,
      34.396426
     ],
     [
      132.474801,
      34.39641
     ],
     [
      132.474793,
      34.396393
     ],
     [
      132.474783,
      34.396377
     ],
     [
      132.474774,
      34.396361
     ],
     [
      132.474764,
      34.396345
     ],
     [
      132.474756,
      34.396327
     ],
     [
      132.474746,
      34.396311
     ],
     [
      132.474736,
      34.396295
     ],
     [
      132.474727,
      34.396279
     ],
     [
      132.474718,
      34.396263
     ],
     [
      132.474708,
      34.396246
     ],
     [
      132.474698,
      34.396231
     ],
     [
      132.474688,
      34.396215
     ],
     [
      132.474679,
      34.396199
     ],
     [
      132.47467,
      34.396182
     ],
     [
      132.47466,
      34.396166
     ],
     [
      132.47465,
      34.39615
     ],
     [
      132.47464,
      34.396134
     ],
     [
      132.47463,
      34.396117
     ],
     [
      132.474621,
      34.396101
     ],
     [
      132.474611,
      34.396085
     ],
     [
      132.474601,
      34.396069
     ],
     [
      132.474591,
      34.396053
     ],
     [
      132.474581,
      34.396037
     ],
     [
      132.474572,
      34.396021
     ],
     [
      132.474562,
      34.396005
     ],
     [
      132.474552,
      34.395989
     ],
     [
      132.474542,
      34.395972
     ],
     [
      132.474532,
      34.395956
     ],
     [
      132.474523,
      34.395941
     ],
     [
      132.474513,
      34.395925
     ],
     [
      132.474503,
      34.395908
     ],
     [
      132.474492,
      34.395892
     ],
     [
      132.474482,
      34.395877
     ],
     [
      132.474473,
      34.395861
     ],
     [
      132.474462,
      34.395844
     ],
     [
      132.474452,
      34.395829
     ],
     [
      132.474441,
      34.395813
     ],
     [
      132.474431,
      34.395798
     ],
     [
      132.47442,
      34.395781
     ],
     [
      132.474411,
      34.395765
     ],
     [
      132.4744,
      34.39575
     ],
     [
      132.474389,
      34.395734
     ],
     [
      132.474379,
      34.395718
     ],
     [
      132.474368,
      34.395702
     ],
     [
      132.474357,
      34.395687
     ],
     [
      132.474347,
      34.39567
     ],
     [
      132.474337,
      34.395655
     ],
     [
      132.474326,
      34.395639
     ],
     [
      132.474316,
      34.395624
     ],
     [
      132.474305,
      34.395607
     ],
     [
      132.474295,
      34.395592
     ],
     [
      132.474284,
      34.395576
     ],
     [
      132.474273,
      34.39556
     ],
     [
      132.474264,
      34.395544
     ],
     [
      132.474253,
      34.395529
     ],
     [
      132.474243,
      34.395513
     ],
     [
      132.474232,
      34.395496
     ],
     [
      132.474222,
      34.395481
     ],
     [
      132.474211,
      34.395465
     ],
     [
      132.474202,
      34.39545
     ],
     [
      132.474191,
      34.395433
     ],
     [
      132.474181,
      34.395417
     ],
     [
      132.47417,
      34.395402
     ],
     [
      132.47416,
      34.395386
     ],
     [
      132.47415,
      34.395369
     ],
     [
      132.474141,
      34.395353
     ],
     [
      132.47413,
      34.395338
     ],
     [
      132.47412,
      34.395322
     ],
     [
      132.47411,
      34.395305
     ],
     [
      132.474099,
      34.39529
     ],
     [
      132.474088,
      34.395275
     ],
     [
      132.474088,
      34.395285
     ],
     [
      132.474096,
      34.395301
     ],
     [
      132.474104,
      34.395318
     ],
     [
      132.474112,
      34.395335
     ],
     [
      132.47412,
      34.395351
     ],
     [
      132.474127,
      34.395368
     ],
     [
      132.474136,
      34.395385
     ],
     [
      132.474144,
      34.395402
     ],
     [
      132.474153,
      34.395418
     ],
     [
      132.47416,
      34.395435
     ],
     [
      132.474169,
      34.395452
     ],
     [
      132.474176,
      34.395469
     ],
     [
      132.474185,
      34.395486
     ],
     [
      132.474193,
      34.395502
     ],
     [
      132.474202,
      34.395519
     ],
     [
      132.474209,
      34.395535
     ],
     [
      132.474218,
      34.395552
     ],
     [
      132.474225,
      34.395569
     ],
     [
      132.474234,
      34.395586
     ],
     [
      132.474243,
      34.395602
     ],
     [
      132.474251,
      34.395619
     ],
     [
      132.474259,
      34.395635
     ],
     [
      132.474267,
      34.395652
     ],
     [
      132.474274,
      34.39567
     ],
     [
      132.474283,
      34.395686
     ],
     [
      132.474291,
      34.395703
     ],
     [
      132.4743,
      34.395719
     ],
     [
      132.474307,
      34.395736
     ],
     [
      132.474315,
      34.395752
     ],
     [
      132.474323,
      34.39577
     ],
     [
      132.474331,
      34.395787
     ],
     [
      132.474339,
      34.395803
     ],
     [
      132.474346,
      34.39582
     ],
     [
      132.474354,
      34.395837
     ],
     [
      132.474362,
      34.395853
     ],
     [
      132.474369,
      34.395871
     ],
     [
      132.474377,
      34.395888
     ],
     [
      132.474384,
      34.395905
     ],
     [
      132.474391,
      34.395922
     ],
     [
      132.474397,
      34.395939
     ],
     [
      132.474404,
      34.395956
     ],
     [
      132.474407,
      34.395974
     ]
    ]
   }
  },
  {
   "type": "Feature",
   "properties": {
    "name": "新設高架 2",
    "stroke": "#3a86ff",
    "stroke-width": 6
   },
   "geometry": {
    "type": "LineString",
    "coordinates": [
     [
      132.474214,
      34.400287
     ],
     [
      132.47423,
      34.400274
     ],
     [
      132.474246,
      34.400262
     ],
     [
      132.474261,
      34.400249
     ],
     [
      132.474277,
      34.400236
     ],
     [
      132.474292,
      34.400224
     ],
     [
      132.474307,
      34.400211
     ],
     [
      132.474322,
      34.400198
     ],
     [
      132.474337,
      34.400184
     ],
     [
      132.474352,
      34.400172
     ],
     [
      132.474366,
      34.400158
     ],
     [
      132.47438,
      34.400145
     ],
     [
      132.474394,
      34.400131
     ],
     [
      132.474408,
      34.400117
     ],
     [
      132.474423,
      34.400103
     ],
     [
      132.474437,
      34.40009
     ],
     [
      132.474451,
      34.400075
     ],
     [
      132.474465,
      34.400062
     ],
     [
      132.474478,
      34.400047
     ],
     [
      132.474492,
      34.400034
     ],
     [
      132.474506,
      34.400019
     ],
     [
      132.474519,
      34.400006
     ],
     [
      132.474532,
      34.399991
     ],
     [
      132.474547,
      34.399977
     ],
     [
      132.47456,
      34.399963
     ],
     [
      132.474573,
      34.399949
     ],
     [
      132.474586,
      34.399935
     ],
     [
      132.4746,
      34.39992
     ],
     [
      132.474613,
      34.399906
     ],
     [
      132.474626,
      34.399891
     ],
     [
      132.474639,
      34.399877
     ],
     [
      132.474651,
      34.399862
     ],
     [
      132.474664,
      34.399848
     ],
     [
      132.474677,
      34.399834
     ],
     [
      132.47469,
      34.399819
     ],
     [
      132.474703,
      34.399804
     ],
     [
      132.474715,
      34.399789
     ],
     [
      132.474728,
      34.399775
     ],
     [
      132.474742,
      34.399761
     ],
     [
      132.474753,
      34.399745
     ],
     [
      132.474767,
      34.399731
     ],
     [
      132.474779,
      34.399716
     ],
     [
      132.474792,
      34.399701
     ],
     [
      132.474804,
      34.399687
     ],
     [
      132.474816,
      34.399671
     ],
     [
      132.474829,
      34.399657
     ],
     [
      132.474841,
      34.399642
     ],
     [
      132.474853,
      34.399626
     ],
     [
      132.474865,
      34.399612
     ],
     [
      132.474877,
      34.399597
     ],
     [
      132.474888,
      34.399581
     ],
     [
      132.4749,
      34.399567
     ],
     [
      132.474912,
      34.399551
     ],
     [
      132.474924,
      34.399536
     ],
     [
      132.474935,
      34.399521
     ],
     [
      132.474947,
      34.399505
     ],
     [
      132.474959,
      34.39949
     ],
     [
      132.47497,
      34.399475
     ],
     [
      132.474982,
      34.39946
     ],
     [
      132.474993,
      34.399444
     ],
     [
      132.475005,
      34.399429
     ],
     [
      132.475016,
      34.399414
     ],
     [
      132.475027,
      34.399398
     ],
     [
      132.475038,
      34.399382
     ],
     [
      132.475049,
      34.399367
     ],
     [
      132.475059,
      34.399351
     ],
     [
      132.475069,
      34.399335
     ],
     [
      132.47508,
      34.399319
     ],
     [
      132.47509,
      34.399304
     ],
     [
      132.4751,
      34.399287
     ],
     [
      132.475109,
      34.399271
     ],
     [
      132.475119,
      34.399255
     ],
     [
      132.475129,
      34.399239
     ],
     [
      132.475138,
      34.399222
     ],
     [
      132.475146,
      34.399206
     ],
     [
      132.475155,
      34.399189
     ],
     [
      132.475163,
      34.399172
     ],
     [
      132.47517,
      34.399156
     ],
     [
      132.475177,
      34.399139
     ],
     [
      132.475182,
      34.399121
     ],
     [
      132.475188,
      34.399104
     ],
     [
      132.475192,
      34.399085
     ],
     [
      132.475195,
      34.399068
     ],
     [
      132.475198,
      34.39905
     ],
     [
      132.475199,
      34.399032
     ],
     [
      132.4752,
      34.399014
     ],
     [
      132.4752,
      34.398996
     ],
     [
      132.4752,
      34.398978
     ],
     [
      132.475201,
      34.39896
     ],
     [
      132.475201,
      34.398942
     ],
     [
      132.475201,
      34.398924
     ],
     [
      132.475201,
      34.398906
     ],
     [
      132.475201,
      34.398888
     ],
     [
      132.475202,
      34.39887
     ],
     [
      132.475202,
      34.398852
     ],
     [
      132.475202,
      34.398834
     ],
     [
      132.475202,
      34.398816
     ],
     [
      132.475203,
      34.398798
     ],
     [
      132.475203,
      34.39878
     ],
     [
      132.475203,
      34.398762
     ],
     [
      132.475204,
      34.398744
     ],
     [
      132.475204,
      34.398726
     ],
     [
      132.475205,
      34.398708
     ],
     [
      132.475205,
      34.39869
     ],
     [
      132.475205,
      34.398672
     ],
     [
      132.475206,
      34.398654
     ],
     [
      132.475206,
      34.398636
     ],
     [
      132.475206,
      34.398618
     ],
     [
      132.475207,
      34.3986
     ],
     [
      132.475207,
      34.398582
     ],
     [
      132.475207,
      34.398564
     ],
     [
      132.475207,
      34.398546
     ],
     [
      132.475207,
      34.398528
     ],
     [
      132.475209,
      34.39851
     ],
     [
      132.475209,
      34.398492
     ],
     [
      132.475209,
      34.398474
     ],
     [
      132.475209,
      34.398455
     ],
     [
      132.475207,
      34.398437
     ],
     [
      132.475207,
      34.398419
     ],
     [
      132.475207,
      34.398401
     ],
     [
      132.475207,
      34.398383
     ],
     [
      132.475207,
      34.398365
     ],
     [
      132.475206,
      34.398347
     ],
     [
      132.475206,
      34.398329
     ],
     [
      132.475206,
      34.398311
     ],
     [
      132.475206,
      34.398293
     ],
     [
      132.475205,
      34.398275
     ],
     [
      132.475205,
      34.398257
     ],
     [
      132.475205,
      34.398239
     ],
     [
      132.475204,
      34.398221
     ],
     [
      132.475204,
      34.398203
     ],
     [
      132.475203,
      34.398185
     ],
     [
      132.475203,
      34.398167
     ],
     [
      132.475203,
      34.398149
     ],
     [
      132.475202,
      34.398131
     ],
     [
      132.475202,
      34.398113
     ],
     [
      132.475201,
      34.398095
     ],
     [
      132.475201,
      34.398077
     ],
     [
      132.4752,
      34.398059
     ],
     [
      132.475199,
      34.398041
     ],
     [
      132.475199,
      34.398023
     ],
     [
      132.475198,
      34.398005
     ],
     [
      132.475197,
      34.397987
     ],
     [
      132.475195,
      34.397969
     ],
     [
      132.475194,
      34.397951
     ],
     [
      132.475193,
      34.397933
     ],
     [
      132.475192,
      34.397915
     ],
     [
      132.475191,
      34.397897
     ]
    ]
   }
  },
  {
   "type": "Feature",
   "properties": {
    "name": "スタート / ゴール",
    "marker-color": "#ffd83d"
   },
   "geometry": {
    "type": "Point",
    "coordinates": [
     132.475191,
     34.397894
    ]
   }
  },
  {
   "type": "Feature",
   "properties": {
    "name": "広島駅",
    "marker-color": "#1d3557"
   },
   "geometry": {
    "type": "Point",
    "coordinates": [
     132.475191,
     34.397897
    ]
   }
  },
  {
   "type": "Feature",
   "properties": {
    "name": "銀山町",
    "marker-color": "#1d3557"
   },
   "geometry": {
    "type": "Point",
    "coordinates": [
     132.467385,
     34.393176
    ]
   }
  },
  {
   "type": "Feature",
   "properties": {
    "name": "八丁堀",
    "marker-color": "#1d3557"
   },
   "geometry": {
    "type": "Point",
    "coordinates": [
     132.462523,
     34.393991
    ]
   }
  },
  {
   "type": "Feature",
   "properties": {
    "name": "紙屋町",
    "marker-color": "#1d3557"
   },
   "geometry": {
    "type": "Point",
    "coordinates": [
     132.457165,
     34.395419
    ]
   }
  },
  {
   "type": "Feature",
   "properties": {
    "name": "原爆ドーム前",
    "marker-color": "#1d3557"
   },
   "geometry": {
    "type": "Point",
    "coordinates": [
     132.453993,
     34.396032
    ]
   }
  },
  {
   "type": "Feature",
   "properties": {
    "name": "十日市",
    "marker-color": "#1d3557"
   },
   "geometry": {
    "type": "Point",
    "coordinates": [
     132.449639,
     34.396895
    ]
   }
  },
  {
   "type": "Feature",
   "properties": {
    "name": "寺町",
    "marker-color": "#1d3557"
   },
   "geometry": {
    "type": "Point",
    "coordinates": [
     132.448499,
     34.401009
    ]
   }
  },
  {
   "type": "Feature",
   "properties": {
    "name": "警察署前",
    "marker-color": "#1d3557"
   },
   "geometry": {
    "type": "Point",
    "coordinates": [
     132.461008,
     34.397198
    ]
   }
  },
  {
   "type": "Feature",
   "properties": {
    "name": "合同庁舎東",
    "marker-color": "#1d3557"
   },
   "geometry": {
    "type": "Point",
    "coordinates": [
     132.461414,
     34.398584
    ]
   }
  },
  {
   "type": "Feature",
   "properties": {
    "name": "白島",
    "marker-color": "#1d3557"
   },
   "geometry": {
    "type": "Point",
    "coordinates": [
     132.465829,
     34.4024
    ]
   }
  },
  {
   "type": "Feature",
   "properties": {
    "name": "二葉の里",
    "marker-color": "#1d3557"
   },
   "geometry": {
    "type": "Point",
    "coordinates": [
     132.472166,
     34.401863
    ]
   }
  },
  {
   "type": "Feature",
   "properties": {
    "name": "広島駅北口",
    "marker-color": "#1d3557"
   },
   "geometry": {
    "type": "Point",
    "coordinates": [
     132.475109,
     34.399271
    ]
   }
  }
 ]
}